역명,month,성인_아침_유동인구,성인_점심_유동인구,성인_저녁_유동인구,dbscan_label
가락시장역,1,100710,118710,127207,0
가락시장역,1,125572,107287,132363,0
강남구청역,1,29258,139017,239759,0
강남구청역,1,286790,112432,52773,0
강동구청역,1,103752,71350,53787,0
강동구청역,1,65228,65122,107750,0
건대입구역,1,313809,436841,519171,0
건대입구역,1,267907,529303,550649,0
공덕역,1,166036,285903,352872,0
공덕역,1,365226,215924,231621,0
광흥창역,1,69560,69780,65705,0
광흥창역,1,70226,52852,74510,0
교대역,1,145289,424479,514123,0
교대역,1,514803,329800,227181,0
구산역,1,96321,45938,20823,0
구산역,1,13433,32614,66031,0
군자역,1,276495,191472,174068,0
군자역,1,117443,181928,293786,0
굽은다리역,1,99670,60409,36337,0
굽은다리역,1,28407,57256,104172,0
남구로역,1,111208,113244,141599,0
남구로역,1,190656,96458,97703,0
노원역,1,391152,416132,360366,0
노원역,1,282078,465975,536277,0
논현역,1,41378,155981,269668,0
논현역,1,273676,131971,78787,0
단대오거리역,1,145251,70378,42261,0
단대오거리역,1,42277,66640,143850,0
당고개역,1,112100,56781,25461,0
당고개역,1,22486,45464,92221,0
당산역,1,160364,140971,135949,0
당산역,1,150082,135955,220566,0
대림역,1,348754,272370,168516,0
대림역,1,169680,306152,327550,0
대흥역,1,53952,70644,63640,0
대흥역,1,66027,64380,67574,0
독바위역,1,36020,14592,5558,0
독바위역,1,5739,13861,37816,0
동대문역,1,88839,308051,195763,0
동대문역,1,225111,249736,129975,0
동대입구역,1,25194,90367,113940,0
동대입구역,1,111817,94641,42508,0
동묘앞역,1,77125,146607,74406,0
동묘앞역,1,80006,129163,100688,0
디지털미디어시티역,1,151003,100105,93610,0
디지털미디어시티역,1,147585,83529,152509,0
뚝섬역,1,70329,222252,326691,0
뚝섬역,1,329609,214549,111948,0
마들역,1,172245,69546,26022,0
마들역,1,23016,67734,156920,0
마포구청역,1,138798,102040,81273,0
마포구청역,1,72862,84507,134570,0
면목역,1,189469,87073,45669,0
면목역,1,39493,90924,177318,0
미아사거리역,1,266615,177698,113871,0
미아사거리역,1,81754,179094,291356,0
미아역,1,140427,99478,59422,0
미아역,1,61015,85639,139758,0
불광역,1,202181,130826,81998,0
불광역,1,78375,135995,220373,0
사가정역,1,187863,102285,62883,0
사가정역,1,50350,108251,194164,0
사당역,1,553660,493560,558155,0
사당역,1,299339,556644,771445,0
상계역,1,235061,114240,57034,0
상계역,1,42823,107195,219054,0
상봉역,1,199210,123553,92768,0
상봉역,1,64442,122297,211798,0
상수역,1,45665,84416,125708,0
상수역,1,67806,121513,100302,0
서대문역,1,69562,173604,229526,0
서대문역,1,315309,97491,70171,0
서초역,1,87141,221019,218398,0
서초역,1,294526,137247,76832,0
석계역,1,147071,73662,40434,0
석계역,1,29138,79630,162681,0
송정역,1,58969,43776,29945,0
송정역,1,24974,37685,62704,0
수락산역,1,135652,75739,37685,0
수락산역,1,34642,69065,139584,0
숙대입구역,1,70888,122711,135281,0
숙대입구역,1,106530,109284,109404,0
숭실대입구역,1,125769,97954,51929,0
숭실대입구역,1,46211,87874,140647,0
신길역,1,62651,31165,28296,0
신길역,1,27522,31764,68041,0
신당역,1,161672,181724,196411,0
신당역,1,139853,193202,235728,0
신대방삼거리역,1,185330,89477,52911,0
신대방삼거리역,1,38802,89496,183508,0
신림역,1,727997,390551,242725,0
신림역,1,125179,385039,796464,0
신용산역,1,52783,184397,257665,0
신용산역,1,239808,176842,105864,0
신정역,1,201565,77673,33642,0
신정역,1,28703,71607,153078,0
신촌역,1,161327,385150,384975,0
신촌역,1,246259,395841,315404,0
신풍역,1,130809,68642,40955,0
신풍역,1,43063,66776,113512,0
아차산역,1,144532,97574,59207,0
아차산역,1,54881,96313,147676,0
어린이대공원역,1,90541,132544,105540,0
어린이대공원역,1,110138,108392,107402,0
여의도역,1,44887,306580,405768,0
여의도역,1,523691,189630,80328,0
역촌역,1,43262,20347,11312,0
역촌역,1,13945,25777,55969,0
영등포구청역,1,167589,209011,262281,0
영등포구청역,1,280372,171992,201218,0
오목교역,1,153414,172141,178006,0
오목교역,1,155959,184143,193378,0
왕십리역,1,139871,164992,177757,0
왕십리역,1,102190,167601,197750,0
용마산역,1,77104,34376,16624,0
용마산역,1,17527,34411,69766,0
월곡역,1,121006,77599,54947,0
월곡역,1,51861,69427,127485,0
을지로3가역,1,66060,328522,519909,0
을지로3가역,1,533023,236242,149502,0
을지로4가역,1,42863,195563,200497,0
을지로4가역,1,246820,132591,66535,0
을지로입구역,1,71904,456846,717960,0
을지로입구역,1,764305,355793,170543,0
이수역,1,111605,126092,146060,0
이수역,1,96345,130092,145462,0
일원역,1,71966,117047,41289,0
일원역,1,86501,69011,67445,0
잠실새내역,1,210432,173966,154424,0
잠실새내역,1,84800,200335,251244,0
장지역,1,151588,131920,110409,0
장지역,1,115488,111045,136244,0
종각역,1,39214,355340,596140,0
종각역,1,613776,254522,99472,0
종로3가역,1,57190,414210,554589,0
종로3가역,1,399100,437189,185488,0
종합운동장역,1,62364,63139,56287,0
종합운동장역,1,48851,73003,75977,0
중화역,1,122186,68958,41005,0
중화역,1,39354,64175,120660,0
증산역,1,119974,57953,27586,0
증산역,1,21381,57541,125709,0
창동역,1,244796,171505,107847,0
창동역,1,93003,182936,278959,0
청담역,1,40011,173446,239678,0
청담역,1,343921,108441,53886,0
총신대입구역,1,152582,123594,117967,0
총신대입구역,1,92201,148839,194116,0
충무로역,1,64764,255571,352862,0
충무로역,1,364982,205947,125703,0
충정로역,1,81527,128370,143873,0
충정로역,1,188990,85769,95104,0
태릉입구역,1,140107,111119,72675,0
태릉입구역,1,57865,100343,163721,0
학동역,1,36790,211408,352669,0
학동역,1,444712,136416,53389,0
한강진역,1,15201,96815,143240,0
한강진역,1,110807,140116,44736,0
합정역,1,226132,390685,608274,0
합정역,1,365645,501109,424524,0
행당역,1,102111,48903,24622,0
행당역,1,19788,47307,89597,0
홍제역,1,192639,112324,55195,0
홍제역,1,47086,102169,188558,0
회현역,1,26673,257302,266248,0
회현역,1,340055,194635,42985,0
효창공원앞역,1,63060,54502,48140,0
효창공원앞역,1,45468,41643,60623,0
가락시장역,2,89286,110022,108954,0
가락시장역,2,110021,97425,116791,0
강남구청역,2,25988,127786,204220,0
강남구청역,2,247190,103805,48573,0
강동구청역,2,91038,66471,48174,0
강동구청역,2,57173,60750,94319,0
건대입구역,2,273659,398608,473917,0
건대입구역,2,231832,490305,499250,0
공덕역,2,149123,265720,307936,0
공덕역,2,316853,202478,210726,0
광화문역,2,38939,292066,411512,0
광화문역,2,471394,228434,73796,0
광흥창역,2,61144,64566,59492,0
광흥창역,2,61120,50006,66639,0
교대역,2,128427,381860,445170,0
교대역,2,443852,295213,203260,0
구산역,2,85010,44247,19851,0
구산역,2,12107,31766,58686,0
군자역,2,243321,179258,160500,0
군자역,2,103393,170182,263070,0
굽은다리역,2,87532,57277,35173,0
굽은다리역,2,25479,55022,93339,0
남구로역,2,98927,107204,121645,0
남구로역,2,164838,90021,88464,0
노원역,2,345938,389094,333198,0
노원역,2,249743,437786,491329,0
논현역,2,37850,146716,235925,0
논현역,2,241347,123491,73897,0
단대오거리역,2,127592,68585,38242,0
단대오거리역,2,36444,63149,127192,0
당고개역,2,98851,55245,25114,0
당고개역,2,21959,42963,82667,0
당산역,2,139113,132966,120168,0
당산역,2,130593,127909,196612,0
대림역,2,305628,271223,159899,0
대림역,2,156450,299882,296517,0
대청역,2,84652,73640,47032,0
대청역,2,50306,54368,87910,0
대흥역,2,48110,62934,56370,0
대흥역,2,57128,58049,59622,0
독바위역,2,31581,14247,5644,0
독바위역,2,5736,13787,33463,0
동대문역,2,80570,303736,194780,0
동대문역,2,203527,263134,131644,0
동대입구역,2,22103,87525,96782,0
동대입구역,2,102039,84557,40860,0
동묘앞역,2,69985,151592,75255,0
동묘앞역,2,72799,143350,93392,0
디지털미디어시티역,2,133235,93276,81782,0
디지털미디어시티역,2,126495,78234,135023,0
마들역,2,152069,67320,25051,0
마들역,2,21212,63904,139648,0
마포구청역,2,123290,96080,74121,0
마포구청역,2,64491,80031,120310,0
면목역,2,167395,82373,43071,0
면목역,2,36124,86282,156860,0
미아사거리역,2,235910,170556,108393,0
미아사거리역,2,73901,172608,261106,0
미아역,2,125778,95960,56612,0
미아역,2,56113,83418,126020,0
봉화산역,2,106158,48900,22858,0
봉화산역,2,24551,47452,94271,0
불광역,2,178642,126173,79455,0
불광역,2,72774,133581,197870,0
사가정역,2,164653,98189,59712,0
사가정역,2,46588,102234,171047,0
사당역,2,490106,455458,492573,0
사당역,2,261236,508541,690545,0
상계역,2,205968,110417,54790,0
상계역,2,40052,101881,195327,0
상봉역,2,175741,118316,87858,0
상봉역,2,57476,117444,192140,0
상수역,2,39866,75077,116249,0
상수역,2,56701,112290,94315,0
서대문역,2,61445,158256,195450,0
서대문역,2,270715,90332,62557,0
서초역,2,77620,202580,189244,0
서초역,2,257680,125690,69755,0
석계역,2,129230,69936,38628,0
석계역,2,27492,75072,143944,0
송정역,2,52450,41091,27288,0
송정역,2,21661,35913,55979,0
수락산역,2,119974,73108,36327,0
수락산역,2,31917,65865,124496,0
숙대입구역,2,63616,116218,120860,0
숙대입구역,2,94420,104320,97463,0
숭실대입구역,2,110662,87614,48308,0
숭실대입구역,2,39383,83379,124571,0
신당역,2,140352,171269,180834,0
신당역,2,126902,180545,209549,0
신대방삼거리역,2,163484,83910,49544,0
신대방삼거리역,2,35395,83120,161266,0
신림역,2,639692,372752,232842,0
신림역,2,115436,365042,713061,0
신용산역,2,47925,175411,234588,0
신용산역,2,212380,177648,101147,0
신정역,2,175674,73518,31752,0
신정역,2,25803,66845,135140,0
신촌역,2,143484,344725,352948,0
신촌역,2,213717,361228,288408,0
신풍역,2,115051,66076,37843,0
신풍역,2,39505,63068,100016,0
아차산역,2,125006,94778,57468,0
아차산역,2,47467,94165,131238,0
어린이대공원역,2,79512,117509,97994,0
어린이대공원역,2,93910,103621,96077,0
여의도역,2,40673,282138,350988,0
여의도역,2,451114,181606,74225,0
역촌역,2,38342,18989,9998,0
역촌역,2,12411,23918,48167,0
영등포구청역,2,148280,193864,227483,0
영등포구청역,2,243577,159591,179739,0
오목교역,2,135143,160602,159387,0
오목교역,2,136742,172193,173299,0
왕십리역,2,120822,155807,166672,0
왕십리역,2,92090,162786,183248,0
용마산역,2,68013,32701,15886,0
용마산역,2,15791,32602,62361,0
월곡역,2,105820,72732,49395,0
월곡역,2,44877,65959,112571,0
을지로3가역,2,64654,307955,454560,0
을지로3가역,2,456620,226415,146842,0
을지로4가역,2,42425,184622,172734,0
을지로4가역,2,213465,125805,66568,0
을지로입구역,2,70079,436122,627714,0
을지로입구역,2,660228,338703,167252,0
이수역,2,99324,118137,131828,0
이수역,2,85826,121181,131202,0
일원역,2,63211,101026,36532,0
일원역,2,72534,61856,59287,0
잠실새내역,2,185852,162666,139291,0
잠실새내역,2,74473,185768,226279,0
장지역,2,131973,122446,101821,0
장지역,2,101232,104607,120766,0
종각역,2,36647,325704,507922,0
종각역,2,519758,234600,91979,0
종로3가역,2,56954,384708,505031,0
종로3가역,2,346284,414029,184662,0
종합운동장역,2,54114,57691,42850,0
종합운동장역,2,40742,60563,65611,0
중화역,2,108003,65651,38800,0
중화역,2,35955,61116,107674,0
증산역,2,105565,56015,26361,0
증산역,2,19017,54438,112762,0
창동역,2,217496,163249,101806,0
창동역,2,83912,173092,253776,0
청담역,2,35555,155473,206466,0
청담역,2,295296,100059,49555,0
총신대입구역,2,133735,116841,106892,0
총신대입구역,2,81674,138742,173484,0
충무로역,2,63916,244394,314533,0
충무로역,2,317889,202626,124718,0
충정로역,2,72173,117942,124484,0
충정로역,2,163632,80347,85532,0
태릉입구역,2,123490,104727,67765,0
태릉입구역,2,50986,95271,146879,0
학동역,2,32943,191435,299836,0
학동역,2,383458,122196,49007,0
한양대역,2,23421,89377,61540,0
한양대역,2,86814,70044,32360,0
행당역,2,89103,46541,22787,0
행당역,2,17906,44568,77836,0
홍제역,2,168838,108061,53593,0
홍제역,2,43305,97777,167615,0
회현역,2,26695,239614,229922,0
회현역,2,298569,186066,40622,0
효창공원앞역,2,55839,50783,43390,0
효창공원앞역,2,40180,38934,53246,0
가락시장역,3,105339,121189,118409,0
가락시장역,3,121010,109256,130087,0
강남구청역,3,32186,142019,226026,0
강남구청역,3,270702,119263,55536,0
강동구청역,3,104713,72213,52292,0
강동구청역,3,61360,68995,106020,0
강동역,3,181655,142444,92694,0
강동역,3,102400,117361,182484,0
건대입구역,3,320336,502982,568444,0
건대입구역,3,295923,573637,585370,0
공덕역,3,176570,302491,342265,0
공덕역,3,353020,232083,241667,0
광흥창역,3,72449,71910,64745,0
광흥창역,3,66755,56341,74841,0
교대역,3,156698,432358,505570,0
교대역,3,501189,343687,237186,0
구산역,3,100448,51261,22268,0
구산역,3,14456,36075,66076,0
군자역,3,275359,208587,181997,0
군자역,3,121871,193601,296926,0
굽은다리역,3,101239,65111,39861,0
굽은다리역,3,29793,65104,106046,0
남구로역,3,115515,111200,129138,0
남구로역,3,175073,99361,99324,0
노원역,3,406153,441181,372687,0
노원역,3,297353,491816,553251,0
논현역,3,44872,158231,259563,0
논현역,3,262048,137611,84342,0
단대오거리역,3,144093,84691,45268,0
단대오거리역,3,45334,71551,142328,0
당산역,3,166864,153808,135653,0
당산역,3,145364,155160,228613,0
대림역,3,356199,297754,171011,0
대림역,3,177400,327827,334854,0
대청역,3,98822,81531,51538,0
대청역,3,55897,60855,100244,0
대흥역,3,57363,87108,75524,0
대흥역,3,81219,78356,73508,0
독바위역,3,36637,15463,5912,0
독바위역,3,7007,15232,36333,0
동대문역,3,101239,344955,228360,0
동대문역,3,241362,297613,161950,0
동대입구역,3,29334,134692,128530,0
동대입구역,3,147628,127313,52688,0
동묘앞역,3,87242,177244,87511,0
동묘앞역,3,92837,165586,110259,0
디지털미디어시티역,3,156698,105225,96292,0
디지털미디어시티역,3,137430,91312,153977,0
마들역,3,173829,76504,27149,0
마들역,3,25592,73450,155714,0
마포구청역,3,145440,110798,88509,0
마포구청역,3,72044,93546,140610,0
면목역,3,189958,110444,52076,0
면목역,3,55463,102508,175300,0
미아사거리역,3,274152,189077,118470,0
미아사거리역,3,87593,192846,289700,0
미아역,3,147583,120338,64754,0
미아역,3,71115,102034,142812,0
봉화산역,3,123156,54548,24813,0
봉화산역,3,27230,54946,106761,0
불광역,3,204223,148613,90371,0
불광역,3,90138,152597,223521,0
사가정역,3,188499,114292,66687,0
사가정역,3,57573,117637,191814,0
사당역,3,570878,536663,568819,0
사당역,3,323112,598597,790994,0
상계역,3,238769,122562,60206,0
상계역,3,46722,116562,219248,0
상봉역,3,200321,135608,98485,0
상봉역,3,65950,133692,218839,0
상수역,3,46153,105389,142863,0
상수역,3,87805,137432,109509,0
서대문역,3,72303,189355,215629,0
서대문역,3,304228,108046,72894,0
서초역,3,92325,227971,212888,0
서초역,3,285146,145586,81351,0
석계역,3,147425,86899,48126,0
석계역,3,39236,91760,164768,0
성수역,3,90450,415794,624587,0
성수역,3,556487,504272,188282,0
송정역,3,59690,44568,29861,0
송정역,3,24919,39334,62817,0
수락산역,3,137204,84493,40896,0
수락산역,3,39916,73919,137872,0
숙대입구역,3,78284,164052,158404,0
숙대입구역,3,131951,138491,118645,0
숭실대입구역,3,130876,164545,97354,0
숭실대입구역,3,106824,132772,151923,0
신금호역,3,69821,45921,27174,0
신금호역,3,26558,48078,73618,0
신당역,3,166495,194829,201916,0
신당역,3,147017,199499,241575,0
신대방삼거리역,3,189498,98188,54448,0
신대방삼거리역,3,40742,96647,183280,0
신림역,3,725229,429002,256697,0
신림역,3,133810,411399,805419,0
신용산역,3,56788,195563,258806,0
신용산역,3,237354,200926,114217,0
신정역,3,198388,82711,34759,0
신정역,3,28950,73895,151326,0
신촌역,3,170649,432490,459269,0
신촌역,3,284029,439271,360746,0
신풍역,3,134229,74990,41632,0
신풍역,3,45364,71842,113226,0
아차산역,3,143862,115929,70133,0
아차산역,3,59845,113965,149457,0
압구정역,3,72875,314755,370432,0
압구정역,3,389911,307695,128277,0
어린이대공원역,3,96363,217612,157380,0
어린이대공원역,3,185870,179102,121605,0
여의도역,3,47203,307545,387269,0
여의도역,3,487151,221852,86327,0
역촌역,3,43799,21662,11192,0
역촌역,3,14296,27511,54909,0
영등포구청역,3,167785,221687,252518,0
영등포구청역,3,273474,182800,204513,0
오목교역,3,161307,181270,174196,0
오목교역,3,153911,198036,196115,0
왕십리역,3,141459,187749,205438,0
왕십리역,3,109104,191461,215428,0
용마산역,3,77978,38508,18537,0
용마산역,3,20420,39079,70162,0
월곡역,3,124050,108440,65561,0
월곡역,3,64415,89459,132929,0
을지로3가역,3,85778,341052,495620,0
을지로3가역,3,492522,258882,172109,0
을지로4가역,3,54838,208861,196827,0
을지로4가역,3,236443,149060,81762,0
을지로입구역,3,91026,487861,696178,0
을지로입구역,3,713280,394707,199685,0
이수역,3,115718,137299,147988,0
이수역,3,99255,138920,148699,0
일원역,3,75000,109644,38718,0
일원역,3,80503,65625,68239,0
잠실새내역,3,223872,188667,160872,0
잠실새내역,3,87323,223229,258530,0
장지역,3,152134,138481,110523,0
장지역,3,113863,120143,133537,0
종각역,3,45876,355109,543221,0
종각역,3,566304,259461,102652,0
종로3가역,3,75110,437376,586260,0
종로3가역,3,391835,483194,223485,0
종합운동장역,3,73600,115060,96017,0
종합운동장역,3,66688,150666,96388,0
중계역,3,180519,97286,45072,0
중계역,3,49621,82709,160734,0
중화역,3,123004,74298,43300,0
중화역,3,42787,69797,121679,0
증산역,3,122172,65959,31192,0
증산역,3,25207,65523,126589,0
창동역,3,254673,181849,112534,0
창동역,3,95019,196918,289048,0
청담역,3,44751,179024,229290,0
청담역,3,325640,119848,60153,0
총신대입구역,3,157171,133650,118548,0
총신대입구역,3,92417,158245,198094,0
충무로역,3,87048,309405,395699,0
충무로역,3,388390,261244,157755,0
충정로역,3,83665,134079,136247,0
충정로역,3,180198,94664,96865,0
태릉입구역,3,143230,136944,85700,0
태릉입구역,3,76127,122837,171864,0
학동역,3,39213,214970,330147,0
학동역,3,418076,145260,56869,0
한양대역,3,29778,203123,121746,0
한양대역,3,202519,144554,54860,0
합정역,3,237203,434395,621133,0
합정역,3,357538,550929,453486,0
행당역,3,102395,50952,24999,0
행당역,3,19438,50273,87314,0
홍제역,3,197925,132275,64398,0
홍제역,3,59809,116615,189910,0
회현역,3,35149,287401,259206,0
회현역,3,340708,230655,49564,0
효창공원앞역,3,65666,65147,51467,0
효창공원앞역,3,56229,51844,61226,0
강남구청역,4,32460,140297,226062,0
강남구청역,4,276012,115098,55252,0
강남역,4,209918,811341,1075182,0
강남역,4,959453,659350,441719,0
강동구청역,4,107023,69428,50895,0
강동구청역,4,61850,67928,103873,0
강동역,4,185869,136315,90195,0
강동역,4,103090,111809,180136,0
건대입구역,4,325321,478530,543807,0
건대입구역,4,288927,533318,580100,0
공덕역,4,180090,302576,349374,0
공덕역,4,367095,230388,243981,0
광명사거리역,4,234781,126828,73498,0
광명사거리역,4,71282,139414,210115,0
광흥창역,4,73809,72682,65966,0
광흥창역,4,68978,57261,72807,0
교대역,4,159245,441093,505753,0
교대역,4,519007,340191,236784,0
군자역,4,279037,199328,179562,0
군자역,4,123295,185403,292603,0
굽은다리역,4,103436,59984,35290,0
굽은다리역,4,29145,58146,102552,0
낙성대역,4,334167,221136,143825,0
낙성대역,4,115427,193707,367534,0
남구로역,4,117195,109690,131083,0
남구로역,4,179296,96332,98763,0
노원역,4,413402,428836,360233,0
노원역,4,302216,474055,552783,0
논현역,4,44905,160084,266810,0
논현역,4,273293,133473,84655,0
단대오거리역,4,148881,82161,46053,0
단대오거리역,4,45682,70597,144220,0
당산역,4,169586,153629,144533,0
당산역,4,151809,158121,233547,0
대림역,4,365483,280128,168599,0
대림역,4,173354,313648,338465,0
대청역,4,101791,80164,53224,0
대청역,4,57543,61059,100572,0
대흥역,4,58749,89051,76242,0
대흥역,4,83956,80431,71956,0
독바위역,4,37465,15235,6039,0
독바위역,4,6614,15362,36015,0
동대문역,4,102486,333553,217759,0
동대문역,4,244671,272475,152051,0
동대입구역,4,29045,142194,138669,0
동대입구역,4,157802,136892,55364,0
동묘앞역,4,87871,163763,86307,0
동묘앞역,4,92750,150149,109626,0
마들역,4,179510,72564,26928,0
마들역,4,24326,72701,157046,0
마포구청역,4,149643,112140,86200,0
마포구청역,4,75118,92663,137762,0
면목역,4,192707,109201,52323,0
면목역,4,56478,101516,175186,0
미아사거리역,4,276252,182031,115405,0
미아사거리역,4,87308,184476,290518,0
미아역,4,147984,114576,63977,0
미아역,4,70218,96473,142585,0
봉화산역,4,126987,53159,24116,0
봉화산역,4,27054,54516,106565,0
불광역,4,209355,141972,87833,0
불광역,4,88176,147045,225951,0
사가정역,4,190990,109592,65428,0
사가정역,4,57929,115293,192986,0
사당역,4,584060,524054,556203,0
사당역,4,330784,573393,795451,0
상계역,4,245001,122613,60810,0
상계역,4,49341,120379,218108,0
상봉역,4,206186,131514,94904,0
상봉역,4,66913,126644,221935,0
상수역,4,46408,101292,134397,0
상수역,4,87804,127738,104456,0
서대문역,4,73241,189925,218422,0
서대문역,4,312728,105422,73499,0
서초역,4,99177,226206,213442,0
서초역,4,291895,141398,79981,0
석계역,4,151100,83873,46398,0
석계역,4,39704,90253,163597,0
선릉역,4,124243,523186,665980,0
선릉역,4,688918,299802,167034,0
성수역,4,90333,417883,629165,0
성수역,4,573254,501443,188094,0
송정역,4,60696,44283,29759,0
송정역,4,25764,37909,62180,0
수락산역,4,140352,79888,39480,0
수락산역,4,38054,72711,138222,0
숙대입구역,4,79103,160078,150036,0
숙대입구역,4,132662,130159,115704,0
숭실대입구역,4,132432,155575,98377,0
숭실대입구역,4,102598,130995,150371,0
신금호역,4,71836,44600,26773,0
신금호역,4,27061,47552,73364,0
신당역,4,170240,189460,201551,0
신당역,4,148963,194256,243239,0
신대방삼거리역,4,191417,93174,53989,0
신대방삼거리역,4,40131,93739,182592,0
신대방역,4,357090,178419,88494,0
신대방역,4,62927,177170,359210,0
신사역,4,63009,278938,387313,0
신사역,4,344519,276839,147631,0
신용산역,4,56776,189406,250512,0
신용산역,4,234594,185024,114101,0
신정역,4,202962,80332,34998,0
신정역,4,29941,74063,150862,0
신촌역,4,173491,416877,422142,0
신촌역,4,279036,408853,348651,0
신풍역,4,137773,72055,41505,0
신풍역,4,45341,70465,113781,0
안암역,4,43352,174668,138448,0
안암역,4,144542,127665,91105,0
암사역,4,272556,107460,49814,0
암사역,4,40573,110426,215937,0
압구정역,4,73977,303587,367916,0
압구정역,4,394092,292596,128032,0
어린이대공원역,4,97162,223035,163929,0
어린이대공원역,4,186511,196853,119788,0
여의도역,4,51325,309837,387355,0
여의도역,4,501493,221527,92294,0
역삼역,4,88310,495763,645270,0
역삼역,4,961426,301156,158136,0
역촌역,4,44086,20354,10980,0
역촌역,4,14011,26586,55026,0
연신내역,4,393965,222188,123720,0
연신내역,4,83109,209738,405094,0
영등포구청역,4,174614,218142,252184,0
영등포구청역,4,280566,176236,207484,0
오목교역,4,164962,179018,172621,0
오목교역,4,155765,195230,197463,0
왕십리역,4,143322,180520,189590,0
왕십리역,4,108203,175904,209074,0
용마산역,4,79008,37263,18961,0
용마산역,4,21186,38723,69192,0
우장산역,4,168388,94751,43271,0
우장산역,4,46361,90692,161779,0
월곡역,4,126829,102003,64226,0
월곡역,4,64110,84911,130348,0
을지로3가역,4,84793,341160,500966,0
을지로3가역,4,507476,248907,180791,0
을지로4가역,4,52099,212065,203677,0
을지로4가역,4,245047,147901,86339,0
을지로입구역,4,89512,487603,699450,0
을지로입구역,4,731409,381126,202931,0
이수역,4,119304,134531,146117,0
이수역,4,103467,131470,150636,0
일원역,4,77108,109925,38449,0
일원역,4,83986,66187,67207,0
잠실새내역,4,229756,178093,175172,0
잠실새내역,4,86650,227069,260072,0
잠실역,4,573383,957080,1079858,1
잠실역,4,726540,1106882,831461,1
장지역,4,155241,133351,111703,0
장지역,4,118432,115188,132722,0
종각역,4,44123,350881,536505,0
종각역,4,584453,239942,98119,0
종로3가역,4,77469,441949,616621,0
종로3가역,4,402566,480713,266444,0
종합운동장역,4,66198,108730,202317,0
종합운동장역,4,54057,230441,145180,0
중화역,4,124822,73098,42566,0
중화역,4,43102,68870,121697,0
증산역,4,123811,63923,31945,0
증산역,4,25490,65030,127647,0
창동역,4,259034,172884,111137,0
창동역,4,92060,193040,290612,0
청담역,4,44880,176621,231378,0
청담역,4,331864,114371,60910,0
총신대입구역,4,160392,132707,117782,0
총신대입구역,4,95304,156320,198037,0
충무로역,4,87376,319255,391777,0
충무로역,4,403645,264715,153686,0
충정로역,4,84939,133902,138873,0
충정로역,4,186425,92653,95501,0
태릉입구역,4,147248,132457,84206,0
태릉입구역,4,76817,119721,173455,0
학동역,4,39085,212050,334684,0
학동역,4,429896,136076,55791,0
한양대역,4,31195,198822,132281,0
한양대역,4,197905,148830,55378,0
합정역,4,240754,426179,612537,0
합정역,4,373360,530284,454366,0
행당역,4,104208,49046,25093,0
행당역,4,20311,49354,85954,0
홍제역,4,200374,131324,65914,0
홍제역,4,61913,116982,188969,0
회현역,4,34131,292914,264320,0
회현역,4,353944,229712,50770,0
효창공원앞역,4,67850,64198,52828,0
효창공원앞역,4,56755,51187,61041,0
강남역,5,209647,817750,1070632,0
강남역,5,941602,680981,442039,0
강동구청역,5,105460,71838,49755,0
강동구청역,5,61150,69633,102436,0
강동역,5,184041,140237,90090,0
강동역,5,102130,116725,181327,0
건대입구역,5,324836,499062,560146,0
건대입구역,5,287942,571175,591055,0
공덕역,5,176162,301236,338892,0
공덕역,5,355443,230299,241283,0
광명사거리역,5,230451,129261,74521,0
광명사거리역,5,71984,141924,208382,0
광흥창역,5,72690,72943,64844,0
광흥창역,5,67268,58391,72664,0
교대역,5,161780,441551,499781,0
교대역,5,510233,342448,236343,0
군자역,5,275586,206090,181042,0
군자역,5,123455,191365,295085,0
굽은다리역,5,102248,63031,37339,0
굽은다리역,5,30244,61506,102792,0
낙성대역,5,329464,230521,146096,0
낙성대역,5,115431,199883,365354,0
남구로역,5,116073,109403,128666,0
남구로역,5,175050,98148,99019,0
노원역,5,415899,454024,376864,0
노원역,5,306614,501773,565215,0
논현역,5,45411,161698,265224,0
논현역,5,268720,137589,85337,0
단대오거리역,5,148254,81899,46152,0
단대오거리역,5,44650,73320,141771,0
당산역,5,167605,153929,143333,0
당산역,5,151710,157181,231403,0
대림역,5,367339,289898,171037,0
대림역,5,177275,323425,339921,0
대청역,5,100334,81334,51413,0
대청역,5,55548,62519,99580,0
대흥역,5,57867,90051,76504,0
대흥역,5,84164,81048,72897,0
독바위역,5,36636,15480,6168,0
독바위역,5,6923,15471,35409,0
동대문역,5,104035,348722,222457,0
동대문역,5,247283,283572,153967,0
동대입구역,5,30003,139313,151591,0
동대입구역,5,156240,150396,59487,0
동묘앞역,5,87513,173312,88021,0
동묘앞역,5,93601,160180,110324,0
디지털미디어시티역,5,157104,107707,96296,0
디지털미디어시티역,5,137857,95314,151502,0
마들역,5,177639,77357,28285,0
마들역,5,25164,76381,157393,0
마포구청역,5,147507,114232,89508,0
마포구청역,5,74369,93715,136663,0
면목역,5,190580,110487,52982,0
면목역,5,55480,102998,174398,0
미아사거리역,5,275371,190540,119344,0
미아사거리역,5,88417,192924,291268,0
미아역,5,147904,119216,68192,0
미아역,5,71798,103032,143393,0
봉화산역,5,124295,55533,24531,0
봉화산역,5,26686,56226,106008,0
불광역,5,207958,150284,89794,0
불광역,5,91638,153008,226176,0
사가정역,5,189602,114050,67107,0
사가정역,5,58192,118275,193601,0
사당역,5,582152,538889,562722,0
사당역,5,330739,586746,800199,0
상계역,5,241437,121697,62899,0
상계역,5,48755,118937,219515,0
상봉역,5,202867,137137,97797,0
상봉역,5,68186,134163,221239,0
상수역,5,47813,107299,139208,0
상수역,5,88326,136947,109118,0
새절역,5,165317,83360,36560,0
새절역,5,35212,75733,147298,0
서대문역,5,71410,193474,210839,0
서대문역,5,303739,112408,72717,0
서초역,5,92635,225286,208066,0
서초역,5,285747,138941,80943,0
석계역,5,149191,88478,50063,0
석계역,5,39606,94291,163968,0
선릉역,5,124554,526954,648769,0
선릉역,5,678062,304289,165889,0
성수역,5,90300,432896,620958,0
성수역,5,559924,522019,191834,0
송정역,5,60686,44786,29711,0
송정역,5,25136,39172,62467,0
수락산역,5,138860,84365,40347,0
수락산역,5,38581,76158,138567,0
숙대입구역,5,78758,162116,151171,0
숙대입구역,5,129385,134174,116377,0
숭실대입구역,5,132688,158445,98237,0
숭실대입구역,5,99457,134109,152963,0
신금호역,5,70478,45963,26696,0
신금호역,5,27194,48033,73217,0
신당역,5,168403,196219,202317,0
신당역,5,149861,199362,242997,0
신대방삼거리역,5,188451,96203,54065,0
신대방삼거리역,5,40795,96049,180847,0
신대방역,5,356636,179780,86960,0
신대방역,5,63336,176677,355508,0
신사역,5,62307,282413,382394,0
신사역,5,338320,283491,148809,0
신용산역,5,56062,198617,252051,0
신용산역,5,234778,199136,113343,0
신정역,5,200140,82187,35921,0
신정역,5,30353,75920,150233,0
신촌역,5,174630,431771,461880,0
신촌역,5,283968,453639,368935,0
신풍역,5,135788,74548,41952,0
신풍역,5,45250,72020,113508,0
안암역,5,45934,182093,150728,0
안암역,5,144287,143386,103859,0
암사역,5,267570,110908,50866,0
암사역,5,40639,113906,212258,0
압구정역,5,73220,307212,365903,0
압구정역,5,388712,297577,128548,0
어린이대공원역,5,98385,217697,171965,0
어린이대공원역,5,185403,190484,127991,0
여의도역,5,50029,312963,368124,0
여의도역,5,482192,219376,89667,0
역삼역,5,87786,486553,615034,0
역삼역,5,918460,301330,155273,0
역촌역,5,43961,21740,11420,0
역촌역,5,14177,27858,55293,0
연신내역,5,387993,230549,125194,0
연신내역,5,83868,217180,403975,0
영등포구청역,5,170930,219803,249051,0
영등포구청역,5,276055,179906,204218,0
오목교역,5,162323,178960,170781,0
오목교역,5,152888,194280,195568,0
왕십리역,5,142215,188759,196086,0
왕십리역,5,108980,184846,213644,0
용마산역,5,77501,39784,19633,0
용마산역,5,22521,39216,68794,0
우장산역,5,165280,97757,43611,0
우장산역,5,46249,93592,159884,0
월곡역,5,125235,105826,63266,0
월곡역,5,61973,86840,130968,0
을지로3가역,5,84968,346325,496105,0
을지로3가역,5,487469,259761,185019,0
을지로4가역,5,51493,215815,200145,0
을지로4가역,5,238429,151809,85189,0
을지로입구역,5,88425,500814,688967,0
을지로입구역,5,710555,400974,204504,0
이수역,5,117908,138167,146302,0
이수역,5,103142,135478,150817,0
일원역,5,75689,110286,38160,0
일원역,5,82261,66656,66207,0
잠실새내역,5,226575,184456,178173,0
잠실새내역,5,85176,231645,261464,0
잠실역,5,570161,915305,1006261,1
잠실역,5,702738,1028804,804256,1
장지역,5,152933,136514,114293,0
장지역,5,119441,118002,131401,0
종각역,5,46249,370309,547171,0
종각역,5,569682,271009,107615,0
종로3가역,5,77215,462893,635012,0
종로3가역,5,398802,520700,274448,0
종합운동장역,5,65545,105405,207453,0
종합운동장역,5,61350,222162,144583,0
중화역,5,123371,81592,47969,0
중화역,5,43939,75515,120875,0
창동역,5,256493,181652,113657,0
창동역,5,95386,197366,291737,0
청담역,5,44851,179211,226618,0
청담역,5,325498,118204,60409,0
총신대입구역,5,157972,132450,117043,0
총신대입구역,5,94172,156035,195389,0
충무로역,5,87552,318811,389877,0
충무로역,5,388245,266063,161832,0
충정로역,5,84029,135811,135677,0
충정로역,5,181764,95627,95121,0
태릉입구역,5,148355,178001,107327,0
태릉입구역,5,91505,184748,185828,0
학동역,5,38394,212017,322892,0
학동역,5,416938,136366,54490,0
한양대역,5,31820,194382,136659,0
한양대역,5,187587,155979,66207,0
합정역,5,238857,433591,603924,0
합정역,5,364559,527195,453170,0
행당역,5,102625,51364,25682,0
행당역,5,20664,50728,85073,0
홍제역,5,197895,133997,66417,0
홍제역,5,61991,118506,189464,0
회현역,5,34715,299661,255824,0
회현역,5,347879,230647,50380,0
효창공원앞역,5,66939,65122,52736,0
효창공원앞역,5,55472,52162,60842,0
강남역,6,196899,786567,1013694,0
강남역,6,886799,661966,422221,0
강동구청역,6,97127,69049,46869,0
강동구청역,6,56911,66080,95629,0
강동역,6,171134,134613,84633,0
강동역,6,96906,110919,168910,0
건대입구역,6,301732,463981,515875,0
건대입구역,6,264274,534744,543482,0
공덕역,6,162816,287022,318408,0
공덕역,6,332858,217849,226206,0
광명사거리역,6,210878,122596,71456,0
광명사거리역,6,69825,132325,192204,0
광흥창역,6,66761,70928,61511,0
광흥창역,6,64576,55592,67784,0
교대역,6,147504,419553,470934,0
교대역,6,480149,323894,219517,0
군자역,6,256752,197234,170196,0
군자역,6,114754,182390,274659,0
굽은다리역,6,93783,62614,35614,0
굽은다리역,6,29121,59099,95960,0
낙성대역,6,310233,219721,133221,0
낙성대역,6,102339,190866,343054,0
남구로역,6,107126,103262,119443,0
남구로역,6,163525,91475,92227,0
노원역,6,380491,421917,346773,0
노원역,6,284211,464542,516300,0
논현역,6,42337,153582,249636,0
논현역,6,252163,130347,78650,0
당산역,6,154121,143349,134332,0
당산역,6,141350,145720,216928,0
대림역,6,343444,275244,166946,0
대림역,6,170948,305651,322514,0
대청역,6,93275,78062,48705,0
대청역,6,52643,59299,92438,0
독바위역,6,33952,15151,5928,0
독바위역,6,6399,14946,33258,0
동대문역,6,95927,322416,206990,0
동대문역,6,227414,265623,146451,0
동대입구역,6,27779,111144,111816,0
동대입구역,6,129323,103893,45366,0
동묘앞역,6,80973,158476,82010,0
동묘앞역,6,85806,143990,102245,0
디지털미디어시티역,6,143304,99960,91431,0
디지털미디어시티역,6,130021,85878,139444,0
마포구청역,6,134982,104992,81473,0
마포구청역,6,68637,87933,127196,0
면목역,6,176675,97321,46777,0
면목역,6,46366,94940,161769,0
미아사거리역,6,256944,182230,111905,0
미아사거리역,6,84475,182477,270411,0
미아역,6,136599,108716,60865,0
미아역,6,63691,92741,132669,0
봉화산역,6,114293,52077,23289,0
봉화산역,6,24776,53021,97259,0
불광역,6,194587,141402,84259,0
불광역,6,84785,144742,211436,0
사가정역,6,175574,105761,62345,0
사가정역,6,53535,110127,177666,0
사당역,6,544205,516681,537041,0
사당역,6,305910,571700,749707,0
삼각지역,6,65494,142902,155614,0
삼각지역,6,115616,141144,109181,0
상계역,6,222208,115824,59537,0
상계역,6,45857,112577,203032,0
상봉역,6,188890,129965,93284,0
상봉역,6,64391,128189,206271,0
상수역,6,45972,92671,128220,0
상수역,6,72105,130177,102203,0
새절역,6,153592,76026,33696,0
새절역,6,30477,68548,136432,0
서대문역,6,67736,176911,194194,0
서대문역,6,280599,101150,67719,0
서초역,6,87646,219180,199649,0
서초역,6,272938,138219,77812,0
석계역,6,138037,80202,42449,0
석계역,6,33736,84528,151285,0
선릉역,6,116938,512487,618441,0
선릉역,6,644768,295671,158098,0
성수역,6,83688,412572,580852,0
성수역,6,525575,499631,180816,0
송정역,6,57252,43444,28092,0
송정역,6,23418,37793,58809,0
수락산역,6,128102,79716,39171,0
수락산역,6,37894,72957,128419,0
숙대입구역,6,76049,148579,137848,0
숙대입구역,6,114927,127832,109477,0
숭실대입구역,6,121638,121848,72992,0
숭실대입구역,6,64733,111499,136032,0
신금호역,6,64597,44246,26099,0
신금호역,6,25326,45354,68364,0
신당역,6,155577,183907,183421,0
신당역,6,136333,188709,223772,0
신대방삼거리역,6,174059,91985,51389,0
신대방삼거리역,6,38877,90634,167934,0
신대방역,6,332229,172565,83167,0
신대방역,6,59965,166701,334717,0
신사역,6,58576,271052,362347,0
신사역,6,319088,273474,138265,0
신용산역,6,53624,194670,247628,0
신용산역,6,221862,201949,112771,0
신정역,6,186700,77661,34642,0
신정역,6,28526,71751,138827,0
신촌역,6,160561,403413,389434,0
신촌역,6,252725,404919,320604,0
신풍역,6,125730,70809,40248,0
신풍역,6,43574,68210,105625,0
안암역,6,42066,150268,112250,0
안암역,6,114010,113600,82289,0
암사역,6,247943,107882,48209,0
암사역,6,39236,107498,199298,0
압구정역,6,68353,292991,342532,0
압구정역,6,366674,278514,118616,0
어린이대공원역,6,90117,180695,143429,0
어린이대공원역,6,149144,159202,110847,0
여의도역,6,46426,302629,350522,0
여의도역,6,461290,219557,85311,0
역삼역,6,83163,472237,577212,0
역삼역,6,865634,292883,147457,0
역촌역,6,39914,21317,10423,0
역촌역,6,13529,26235,51328,0
연신내역,6,359402,216853,120634,0
연신내역,6,78713,206212,373486,0
영등포구청역,6,160190,207189,231135,0
영등포구청역,6,254120,170712,190362,0
오목교역,6,147338,170333,161505,0
오목교역,6,143757,184450,180380,0
왕십리역,6,131230,177119,174625,0
왕십리역,6,101599,176588,195968,0
용마산역,6,71720,38247,18391,0
용마산역,6,21053,37815,64613,0
우장산역,6,151777,93608,41992,0
우장산역,6,43551,88478,147610,0
월곡역,6,113796,88963,55664,0
월곡역,6,53094,76736,119075,0
을지로3가역,6,78468,328243,458072,0
을지로3가역,6,458953,242507,167490,0
을지로4가역,6,50352,203629,186659,0
을지로4가역,6,221852,142524,82164,0
을지로입구역,6,81151,488655,664041,0
을지로입구역,6,675731,403529,194508,0
이수역,6,109030,131734,139545,0
이수역,6,97488,131710,141894,0
잠실역,6,533090,875547,952414,1
잠실역,6,663203,984088,760043,1
장지역,6,141108,131093,108825,0
장지역,6,113204,113115,123415,0
종각역,6,42912,343020,506481,0
종각역,6,536324,262295,94031,0
종로3가역,6,73185,424936,572994,0
종로3가역,6,370936,475282,239631,0
중화역,6,114524,70738,39997,0
중화역,6,39421,66463,112069,0
창동역,6,234312,171311,108961,0
창동역,6,91243,186284,268535,0
청담역,6,40877,169843,211650,0
청담역,6,304174,111120,56200,0
총신대입구역,6,145379,129504,111964,0
총신대입구역,6,88824,148878,182945,0
충무로역,6,81521,284718,336916,0
충무로역,6,346316,232027,146791,0
충정로역,6,78143,129944,126529,0
충정로역,6,170320,91987,87985,0
태릉입구역,6,134292,124149,76945,0
태릉입구역,6,64784,113162,163183,0
학동역,6,36506,202842,302147,0
학동역,6,390586,131137,51717,0
합정역,6,220839,409683,572617,0
합정역,6,340805,508942,429473,0
행당역,6,94378,49548,24213,0
행당역,6,19632,47597,79169,0
홍제역,6,182524,121634,58951,0
홍제역,6,53089,108866,173644,0
회현역,6,33254,276613,239035,0
회현역,6,324841,212261,47542,0
효창공원앞역,6,61059,58959,47254,0
효창공원앞역,6,47995,46710,54827,0
강남역,7,213717,862456,1147096,0
강남역,7,1034234,710086,450259,0
강동구청역,7,107407,69340,51910,0
강동구청역,7,65391,65431,106428,0
강동역,7,188835,136939,91527,0
강동역,7,111211,111658,182925,0
강일역,7,71227,34932,16033,0
강일역,7,16564,27659,65116,0
건대입구역,7,324530,438880,490141,0
건대입구역,7,268371,504011,549393,0
공덕역,7,174986,297535,357825,0
공덕역,7,385995,221548,238190,0
광명사거리역,7,231113,119095,72769,0
광명사거리역,7,72831,131351,206365,0
광흥창역,7,73109,73162,68371,0
광흥창역,7,73215,56660,73924,0
교대역,7,158525,445597,530138,0
교대역,7,546242,342211,230341,0
군자역,7,283412,191929,174113,0
군자역,7,121524,182849,292464,0
굽은다리역,7,101468,62273,38390,0
굽은다리역,7,31349,60325,103534,0
낙성대역,7,349096,213080,138824,0
낙성대역,7,107320,190131,375816,0
남구로역,7,113578,109705,137395,0
남구로역,7,188542,93296,97666,0
남위례역,7,69490,52584,45303,0
남위례역,7,47386,46811,74212,0
노원역,7,404339,414588,364515,0
노원역,7,301033,459067,539280,0
논현역,7,44343,164949,277693,0
논현역,7,289297,134884,80438,0
당산역,7,166668,141326,140455,0
당산역,7,158438,139750,226462,0
대림역,7,363172,272294,169116,0
대림역,7,180638,302179,336716,0
대청역,7,103133,79674,53243,0
대청역,7,59151,59567,100437,0
동대문역,7,99813,334701,207783,0
동대문역,7,243035,266242,143112,0
동대입구역,7,27604,99745,117818,0
동대입구역,7,124480,94377,45974,0
동묘앞역,7,86038,147876,79536,0
동묘앞역,7,86949,126749,107388,0
디지털미디어시티역,7,157506,102760,97729,0
디지털미디어시티역,7,151663,86861,151352,0
마포구청역,7,147763,104156,86950,0
마포구청역,7,76485,88450,138956,0
면목역,7,194515,86035,44743,0
면목역,7,41226,91415,175098,0
미아사거리역,7,281356,178562,115948,0
미아사거리역,7,87624,183035,290472,0
미아역,7,147235,100572,61825,0
미아역,7,63648,88330,141547,0
봉화산역,7,126350,51355,24635,0
봉화산역,7,27064,53006,106306,0
불광역,7,213897,138151,88284,0
불광역,7,88287,145224,226799,0
사가정역,7,192160,101461,64182,0
사가정역,7,55558,110147,191898,0
사당역,7,596873,501042,547072,0
사당역,7,306749,564442,789268,0
삼각지역,7,68870,137241,160002,0
삼각지역,7,125860,131666,113929,0
상계역,7,243529,112074,60586,0
상계역,7,45924,112289,221118,0
상봉역,7,208261,128240,96440,0
상봉역,7,69085,128666,220703,0
상수역,7,47355,89782,129550,0
상수역,7,71696,124046,104420,0
새절역,7,170485,70459,33180,0
새절역,7,28155,69153,148643,0
서대문역,7,73133,185345,225034,0
서대문역,7,326549,97349,71180,0
서초역,7,94529,228605,223081,0
서초역,7,308190,138037,83076,0
석계역,7,153588,75690,41702,0
석계역,7,32238,82034,164909,0
선릉역,7,124270,563235,715667,0
선릉역,7,756369,310730,167001,0
성수역,7,89507,419335,643502,0
성수역,7,610248,476226,186642,0
송정역,7,61729,43309,29234,0
송정역,7,25266,37789,62527,0
수락산역,7,140404,76736,39807,0
수락산역,7,38727,73383,140151,0
숙대입구역,7,77713,136222,139886,0
숙대입구역,7,117373,117053,115562,0
숭실대입구역,7,132441,97719,54687,0
숭실대입구역,7,48677,90765,141423,0
신금호역,7,72214,42890,26739,0
신금호역,7,27390,45158,74284,0
신당역,7,171366,183891,192262,0
신당역,7,149833,188808,235332,0
신대방삼거리역,7,190676,87873,52752,0
신대방삼거리역,7,40929,90333,180373,0
신대방역,7,362696,165193,83373,0
신대방역,7,62025,167603,354000,0
신사역,7,61007,276945,397174,0
신사역,7,362802,269969,143833,0
신용산역,7,56133,207545,275177,0
신용산역,7,258666,202403,120796,0
신정역,7,205147,75715,36708,0
신정역,7,31823,74167,149949,0
신촌역,7,171555,412319,394213,0
신촌역,7,265050,402217,335016,0
신풍역,7,136184,70992,42627,0
신풍역,7,46987,68151,113578,0
안암역,7,44730,135634,100613,0
안암역,7,103323,94513,81725,0
암사역,7,276468,103737,50564,0
암사역,7,41688,109672,219816,0
압구정역,7,70453,311674,385915,0
압구정역,7,413657,292232,125297,0
어린이대공원역,7,96146,141005,116537,0
어린이대공원역,7,120437,113961,111036,0
여의도역,7,49690,330049,404747,0
여의도역,7,541471,200561,87029,0
역삼역,7,88387,537591,704116,0
역삼역,7,1053444,312940,158479,0
역촌역,7,44140,20864,11101,0
역촌역,7,14466,25034,53071,0
연신내역,7,392799,209749,122601,0
연신내역,7,82195,205506,398833,0
영등포구청역,7,179105,211642,260157,0
영등포구청역,7,287650,172975,207463,0
오목교역,7,158891,171888,176012,0
오목교역,7,161181,184203,192098,0
온수역,7,140617,52129,27323,0
온수역,7,29515,54190,114839,0
왕십리역,7,145699,173170,176975,0
왕십리역,7,109715,173993,205321,0
용마산역,7,77573,33214,17091,0
용마산역,7,17909,33941,68133,0
우장산역,7,165429,90725,42615,0
우장산역,7,42101,88522,162200,0
월곡역,7,124897,76904,57209,0
월곡역,7,53775,70818,126797,0
을지로3가역,7,78075,356500,509853,0
을지로3가역,7,541719,241588,165839,0
을지로입구역,7,82450,503165,724851,0
을지로입구역,7,781302,381823,192263,0
이대역,7,115447,165818,110948,0
이대역,7,109384,152109,167218,0
이수역,7,117841,132958,149103,0
이수역,7,106397,133454,150160,0
잠실역,7,590773,891540,1008627,1
잠실역,7,730088,1000718,808630,1
장지역,7,155309,132369,117879,0
장지역,7,125928,113108,133926,0
종각역,7,43129,369926,561655,0
종각역,7,630112,244669,96215,0
종로3가역,7,71187,439239,561720,0
종로3가역,7,417529,446880,213496,0
중화역,7,123876,68796,41077,0
중화역,7,41279,65838,119665,0
증산역,7,121700,56270,28960,0
증산역,7,22578,58086,122749,0
청담역,7,41513,176648,235691,0
청담역,7,343713,107012,55913,0
총신대입구역,7,157423,126122,118954,0
총신대입구역,7,96251,148973,193264,0
충무로역,7,81296,283143,354876,0
충무로역,7,379332,215996,149811,0
충정로역,7,86337,136003,143496,0
충정로역,7,196880,89084,95674,0
태릉입구역,7,145536,111167,74341,0
태릉입구역,7,60351,101628,169069,0
학동역,7,38016,218269,353540,0
학동역,7,453973,134506,54280,0
한강진역,7,16056,104559,156200,0
한강진역,7,118191,151188,54985,0
합정역,7,235027,411093,607835,0
합정역,7,381898,505856,439169,0
행당역,7,104407,48247,24983,0
행당역,7,20566,48471,87044,0
홍제역,7,199738,113523,56749,0
홍제역,7,51249,106226,186767,0
회현역,7,33248,276714,262812,0
회현역,7,361046,191609,47103,0
효창공원앞역,7,66649,56129,48711,0
효창공원앞역,7,48915,43161,59017,0
강남역,8,196889,821586,1059799,0
강남역,8,934282,685285,440865,0
강동구청역,8,96080,68757,50586,0
강동구청역,8,61224,64070,96415,0
강동역,8,171697,136775,92789,0
강동역,8,109497,109479,170716,0
강일역,8,62526,32783,15686,0
강일역,8,15365,25351,58299,0
건대입구역,8,299291,424236,472182,0
건대입구역,8,241453,496786,533120,0
공덕역,8,159520,281228,322674,0
공덕역,8,344949,208521,222888,0
광명사거리역,8,206922,116582,69511,0
광명사거리역,8,68923,125463,188346,0
광흥창역,8,65912,69321,62190,0
광흥창역,8,65556,53102,68742,0
교대역,8,143367,415247,472302,0
교대역,8,485447,313805,212691,0
군자역,8,258797,187631,164257,0
군자역,8,110825,176166,271913,0
굽은다리역,8,92565,60528,36440,0
굽은다리역,8,29181,58833,96184,0
낙성대역,8,317944,209066,132008,0
낙성대역,8,97925,183991,347369,0
남구로역,8,107893,102154,122601,0
남구로역,8,166288,91341,93138,0
남위례역,8,60625,50872,42186,0
남위례역,8,43019,44120,66677,0
노원역,8,365892,396109,338915,0
노원역,8,275835,438491,494990,0
논현역,8,41896,152863,249293,0
논현역,8,255926,129476,77379,0
당산역,8,149390,135300,129579,0
당산역,8,142087,131590,209517,0
대림역,8,339495,259907,161057,0
대림역,8,165971,289520,319209,0
대청역,8,93336,76893,49260,0
대청역,8,54442,56915,91749,0
동대문역,8,91124,304791,193269,0
동대문역,8,203130,257077,137881,0
동대입구역,8,25966,89162,103305,0
동대입구역,8,111410,82904,45853,0
동묘앞역,8,79979,145819,75836,0
동묘앞역,8,78271,127763,101124,0
디지털미디어시티역,8,140744,99167,91684,0
디지털미디어시티역,8,136858,82124,138918,0
마포구청역,8,133462,102213,82499,0
마포구청역,8,70143,86372,128564,0
면목역,8,176294,81803,43227,0
면목역,8,37290,83451,155120,0
미아사거리역,8,254865,175862,110035,0
미아사거리역,8,82029,176583,268330,0
미아역,8,134586,98284,58775,0
미아역,8,57858,86756,130980,0
봉화산역,8,111977,50405,22850,0
봉화산역,8,24321,49823,96608,0
불광역,8,194817,136063,84221,0
불광역,8,83884,138590,210448,0
사가정역,8,174567,98763,61415,0
사가정역,8,52758,107017,179440,0
사당역,8,545023,494356,529250,0
사당역,8,288211,544638,755349,0
삼각지역,8,64326,134982,153812,0
삼각지역,8,116851,131111,110390,0
상계역,8,219215,109943,58893,0
상계역,8,43250,107231,202505,0
상봉역,8,188425,126283,92100,0
상봉역,8,64927,124320,205090,0
상수역,8,45384,84994,126099,0
상수역,8,62235,127595,105354,0
새절역,8,151733,68029,31977,0
새절역,8,26180,64989,135769,0
서초역,8,87020,218222,200388,0
서초역,8,278285,130803,77564,0
석계역,8,139476,73770,39535,0
석계역,8,29394,77439,148922,0
선릉역,8,115706,525193,645107,0
선릉역,8,676279,295981,158629,0
성수역,8,81081,407148,592314,0
성수역,8,545953,470635,176148,0
송정역,8,56649,42972,27168,0
송정역,8,23673,36301,58183,0
수락산역,8,127385,80747,40107,0
수락산역,8,40717,74499,129211,0
숙대입구역,8,71368,130252,130440,0
숙대입구역,8,105680,113540,108397,0
숭실대입구역,8,118921,93134,54068,0
숭실대입구역,8,44890,84476,132487,0
신금호역,8,64918,41357,24844,0
신금호역,8,25291,42974,66907,0
신당역,8,152796,178931,180419,0
신당역,8,131033,184451,218998,0
신대방삼거리역,8,173679,86815,50263,0
신대방삼거리역,8,38955,87340,165231,0
신대방역,8,333885,162708,80130,0
신대방역,8,55692,159424,330274,0
신사역,8,56306,262537,364662,0
신사역,8,327455,261513,137237,0
신용산역,8,52537,197370,254958,0
신용산역,8,231392,202763,112961,0
신정역,8,184493,74099,34425,0
신정역,8,28795,69976,137615,0
신촌역,8,158797,382749,373550,0
신촌역,8,236640,384779,318574,0
신풍역,8,123128,67337,39154,0
신풍역,8,42589,64812,102835,0
안암역,8,40620,123668,92991,0
안암역,8,90420,89384,75831,0
암사역,8,221751,99557,51046,0
암사역,8,40224,102461,186888,0
압구정역,8,62915,289383,350466,0
압구정역,8,371845,272622,116916,0
양재역,8,123292,312279,394020,0
양재역,8,478692,228105,192799,0
어린이대공원역,8,88381,130801,109991,0
어린이대공원역,8,104375,111542,104634,0
여의도역,8,46114,307636,358417,0
여의도역,8,481526,194456,82414,0
역삼역,8,83445,501355,626976,0
역삼역,8,940755,294581,150654,0
역촌역,8,40208,21116,10623,0
역촌역,8,13627,25328,50448,0
연신내역,8,358087,208511,123244,0
연신내역,8,78336,201012,372932,0
영등포구청역,8,162152,203157,235888,0
영등포구청역,8,256691,166256,193220,0
오목교역,8,140574,164982,166341,0
오목교역,8,148753,176693,177819,0
온수역,8,127582,53720,25837,0
온수역,8,29910,52617,105974,0
왕십리역,8,133210,168732,166621,0
왕십리역,8,100762,168976,196243,0
용마산역,8,70520,32651,17194,0
용마산역,8,16917,33739,63247,0
우장산역,8,149553,89602,41370,0
우장산역,8,41739,84437,149366,0
월곡역,8,111943,73827,52949,0
월곡역,8,47669,68620,116763,0
을지로3가역,8,76475,336602,462880,0
을지로3가역,8,472744,238758,166956,0
을지로입구역,8,83355,484654,675161,0
을지로입구역,8,701033,378638,195626,0
이대역,8,104326,157497,104038,0
이대역,8,98591,146804,155949,0
이수역,8,106882,130559,137444,0
이수역,8,99200,128723,139309,0
잠실역,8,522764,909218,1018781,1
잠실역,8,696337,1029727,757719,1
장지역,8,139870,130669,113616,0
장지역,8,118700,111943,124816,0
종각역,8,42928,354484,510193,0
종각역,8,566815,244380,96816,0
종로3가역,8,71550,413971,518980,0
종로3가역,8,366898,434937,211230,0
중화역,8,114211,66072,38522,0
중화역,8,37256,62878,111125,0
증산역,8,109775,55441,27185,0
증산역,8,21172,54533,112541,0
청담역,8,37470,166318,210174,0
청담역,8,305321,100887,51865,0
총신대입구역,8,140502,122322,110349,0
총신대입구역,8,88502,141064,177273,0
충무로역,8,83418,273350,326285,0
충무로역,8,340649,217245,151085,0
충정로역,8,78192,124263,126922,0
충정로역,8,171537,84359,88830,0
태릉입구역,8,128349,104641,69909,0
태릉입구역,8,55638,95907,153077,0
학동역,8,35385,203574,315669,0
학동역,8,403856,126518,50149,0
한강진역,8,14506,100419,143009,0
한강진역,8,108581,147541,51388,0
합정역,8,215536,405148,582007,0
합정역,8,349444,505463,425957,0
행당역,8,93432,47065,23660,0
행당역,8,19648,45836,78983,0
홍제역,8,178298,110475,54317,0
홍제역,8,47778,101462,171014,0
회현역,8,33258,257039,239642,0
회현역,8,322267,185559,47411,0
효창공원앞역,8,58930,52825,45270,0
효창공원앞역,8,42329,40250,53872,0
강남역,9,183356,740533,937156,0
강남역,9,833645,625799,397198,0
강동구청역,9,91027,68501,47347,0
강동구청역,9,58229,64861,88837,0
강동역,9,163089,133365,86215,0
강동역,9,102953,108237,161062,0
강일역,9,61850,32810,15232,0
강일역,9,14846,26992,55433,0
건대입구역,9,286148,450682,478649,0
건대입구역,9,255787,503144,517233,0
공덕역,9,154462,273659,295599,0
공덕역,9,315964,207679,212717,0
광명사거리역,9,198909,119377,67171,0
광명사거리역,9,65568,129891,178587,0
광흥창역,9,63704,67948,57905,0
광흥창역,9,60667,53349,65079,0
교대역,9,139450,400454,438360,0
교대역,9,448229,304614,204246,0
군자역,9,242784,186199,156883,0
군자역,9,105226,174218,257414,0
굽은다리역,9,88619,59293,33595,0
굽은다리역,9,27434,57155,88959,0
낙성대역,9,291331,208483,130933,0
낙성대역,9,101779,182739,324780,0
남구로역,9,100940,102614,112301,0
남구로역,9,153286,91016,87753,0
남위례역,9,60633,51522,38561,0
남위례역,9,40586,45237,63591,0
노원역,9,281111,321478,253368,0
노원역,9,193534,362227,399353,0
논현역,9,40156,146286,228419,0
논현역,9,231862,127249,75213,0
당산역,9,153097,142629,129009,0
당산역,9,134551,144172,212244,0
대림역,9,320837,274093,156998,0
대림역,9,160851,301627,301429,0
대청역,9,90140,73040,45138,0
대청역,9,49559,55720,88098,0
동대문역,9,92816,311378,208507,0
동대문역,9,204421,267173,152938,0
동묘앞역,9,79264,155662,78251,0
동묘앞역,9,79214,144513,100008,0
디지털미디어시티역,9,137632,98755,90993,0
디지털미디어시티역,9,124164,86015,134113,0
마포구청역,9,128616,103517,84968,0
마포구청역,9,65938,88428,122704,0
면목역,9,166289,96050,45628,0
면목역,9,47094,87122,145502,0
미아사거리역,9,243830,177281,105827,0
미아사거리역,9,80248,176303,255487,0
미아역,9,131584,108246,58242,0
미아역,9,60898,94603,128088,0
봉화산역,9,106481,51901,21806,0
봉화산역,9,23337,50886,91777,0
불광역,9,185829,139240,82024,0
불광역,9,85668,139707,198775,0
사가정역,9,165608,101499,59191,0
사가정역,9,53662,109459,170725,0
사당역,9,513032,486843,502650,0
사당역,9,288090,538465,707844,0
삼각지역,9,62781,133930,145067,0
삼각지역,9,110021,130398,105297,0
상계역,9,213975,114587,57294,0
상계역,9,44048,112606,196574,0
상봉역,9,176758,123805,87605,0
상봉역,9,60181,122878,195495,0
상수역,9,43952,98523,124368,0
상수역,9,81036,125591,100130,0
상일동역,9,169549,77440,35932,0
상일동역,9,33422,75997,152586,0
새절역,9,143319,72532,31997,0
새절역,9,29425,68335,127934,0
서초역,9,81169,209973,190641,0
서초역,9,260123,136917,75660,0
석계역,9,131646,80735,43539,0
석계역,9,34414,84696,142953,0
선릉역,9,110542,488113,567808,0
선릉역,9,606187,272901,146182,0
성수역,9,76961,419055,558862,0
성수역,9,508851,498348,172351,0
송정역,9,53369,42053,25324,0
송정역,9,22448,35671,55109,0
수락산역,9,122825,78282,37650,0
수락산역,9,35448,72640,124578,0
숙대입구역,9,69910,148933,138004,0
숙대입구역,9,116672,124710,106446,0
신금호역,9,62911,41431,24082,0
신금호역,9,24399,43757,65089,0
신당역,9,149490,177471,174056,0
신당역,9,126099,182699,217050,0
신대방삼거리역,9,165221,86903,47722,0
신대방삼거리역,9,35675,88340,157400,0
신대방역,9,314013,162897,77349,0
신대방역,9,54753,159280,311286,0
신사역,9,54925,251934,331344,0
신사역,9,295982,251680,129864,0
신용산역,9,50759,191581,234335,0
신용산역,9,210781,200825,106141,0
신정역,9,175198,73838,32501,0
신정역,9,26959,68973,130454,0
신촌역,9,155187,392851,392776,0
신촌역,9,250100,393497,319086,0
신풍역,9,117120,67826,36721,0
신풍역,9,40527,65636,96528,0
안암역,9,44896,165357,123928,0
안암역,9,125100,117587,97118,0
양재역,9,119748,306119,355815,0
양재역,9,442512,221666,183652,0
어린이대공원역,9,86792,188861,138802,0
어린이대공원역,9,156839,156895,109231,0
여의도역,9,43800,273947,316063,0
여의도역,9,428944,177756,76457,0
역삼역,9,79009,459955,548386,0
역삼역,9,831649,274819,139494,0
역촌역,9,38657,21024,9811,0
역촌역,9,13089,26000,48690,0
연신내역,9,339507,207902,114756,0
연신내역,9,75966,201472,352857,0
영등포구청역,9,152995,197745,215726,0
영등포구청역,9,239026,161574,181934,0
오목교역,9,139420,160077,152037,0
오목교역,9,135730,175943,170104,0
온수역,9,120970,62829,28433,0
온수역,9,38918,57579,99215,0
왕십리역,9,127690,172159,168828,0
왕십리역,9,96057,165760,187682,0
용마산역,9,67116,34152,16831,0
용마산역,9,17651,36178,59999,0
우장산역,9,144361,88799,40300,0
우장산역,9,41682,86744,141521,0
월곡역,9,109152,95075,56134,0
월곡역,9,55508,78823,114144,0
을지로3가역,9,78984,319076,424709,0
을지로3가역,9,425052,231495,162167,0
을지로입구역,9,81667,466306,628229,0
을지로입구역,9,640712,371907,188137,0
이대역,9,100432,190525,128525,0
이대역,9,134296,173547,159324,0
이수역,9,101789,124947,128397,0
이수역,9,91685,123627,130058,0
잠실역,9,476521,840362,928200,1
잠실역,9,627927,966911,696150,1
장지역,9,133988,125930,102155,0
장지역,9,109428,107326,114765,0
종각역,9,41685,324453,460244,0
종각역,9,509189,227669,88511,0
종로3가역,9,71740,404427,521701,0
종로3가역,9,342202,443519,223077,0
중화역,9,107719,68697,38222,0
중화역,9,37611,64915,106029,0
증산역,9,104647,57432,27305,0
증산역,9,22840,56737,106664,0
청담역,9,38078,158770,194188,0
청담역,9,277246,100953,53444,0
총신대입구역,9,135741,122373,103519,0
총신대입구역,9,84292,142676,169990,0
충무로역,9,83089,289087,331086,0
충무로역,9,340070,238038,146488,0
충정로역,9,73145,122123,116610,0
충정로역,9,158339,86889,84531,0
태릉입구역,9,120602,118198,73129,0
태릉입구역,9,65275,106744,147681,0
학동역,9,34225,193598,279124,0
학동역,9,362825,121597,48386,0
한강진역,9,16153,108153,143856,0
한강진역,9,105354,162200,53952,0
합정역,9,205560,386565,539043,0
합정역,9,321688,481161,402735,0
행당역,9,89617,47225,22973,0
행당역,9,18451,46628,74513,0
홍제역,9,170423,117165,56387,0
홍제역,9,52702,106515,162565,0
회현역,9,33883,255241,225672,0
회현역,9,302334,192396,47543,0
효창공원앞역,9,57335,57511,45144,0
효창공원앞역,9,46659,46573,52764,0
