역명,승하차구분,미성년_아침_유동인구,미성년_점심_유동인구,미성년_저녁_유동인구,성인_아침_유동인구,성인_점심_유동인구,성인_저녁_유동인구,노인_아침_유동인구,노인_점심_유동인구,노인_저녁_유동인구,외국인_아침_유동인구,외국인_점심_유동인구,외국인_저녁_유동인구,총유동인구
가락시장역,승차,2548,4651,2031,97560,114836,110776,40904,81813,23794,16,63,15,479007
가락시장역,하차,2075,4228,4319,115854,102080,119878,42161,79814,23746,2,52,21,494230
가산디지털단지역,승차,987,3008,2473,90788,388059,517216,15304,59102,22128,49,132,103,1099349
가산디지털단지역,하차,2002,3170,1486,733552,167583,103832,45385,38764,7131,20,117,84,1103126
강남구청역,승차,865,3638,2858,29894,135429,208166,11149,30777,11308,8,109,61,434262
강남구청역,하차,2204,3777,1834,254319,113203,52320,24429,23754,6509,17,147,64,482577
강남역,승차,3548,24423,27117,196899,786567,1013694,28598,96930,30580,295,2766,1996,2213413
강남역,하차,11763,26336,14913,886799,661966,422221,57177,65376,14296,621,2856,1480,2165804
강동구청역,승차,2413,4106,1290,97127,69049,46869,27642,33720,7767,1,25,1,290010
강동구청역,하차,1186,3785,3002,56911,66080,95629,18021,36757,15117,0,14,10,296512
강동역,승차,3579,4338,1946,171134,134613,84633,40344,56858,14996,51,30,14,512536
강동역,하차,1277,5142,4143,96906,110919,168910,29117,59238,21365,12,47,31,497107
강변역,승차,7004,14553,5391,310609,275375,158287,42166,61174,21606,167,382,217,896931
강변역,하차,2219,11676,12388,126139,280343,304544,33558,64918,22921,84,285,208,859283
강일역,승차,3674,4396,1128,66293,34897,15290,24068,19411,4215,3,4,2,173381
강일역,하차,312,3986,4884,15038,28081,60196,9257,24141,12617,1,4,2,158519
개롱역,승차,3008,7271,2383,58267,39009,23114,22349,26045,5955,0,1,2,187404
개롱역,하차,2372,5147,4918,25013,38061,62161,13335,29618,12539,0,2,3,193169
개화산역,승차,2133,2474,871,56277,39539,26222,18706,20122,4983,5,6,1,171339
개화산역,하차,286,2265,2732,29107,32944,53666,11563,21972,9103,0,10,7,163655
거여역,승차,5513,5720,1853,111392,61205,30364,32595,31492,6541,0,4,4,286683
거여역,하차,2154,6261,5893,30950,56852,107541,15150,35590,17710,3,5,1,278110
건대입구역,승차,5739,19054,21753,301732,463981,515875,46238,86113,28543,176,672,479,1490355
건대입구역,하차,5802,27587,16167,264274,534744,543482,45161,86066,28007,77,643,559,1552569
경복궁역,승차,2358,18887,5410,62554,287441,245168,17429,57558,18109,432,6407,1139,722892
경복궁역,하차,9871,12842,3607,286185,241380,83874,35735,45084,9676,3139,5435,452,737280
경찰병원역,승차,1687,2024,700,68530,53034,35858,17044,23237,5306,2,9,4,207435
경찰병원역,하차,272,2078,2286,50448,42814,61583,12805,24321,9789,3,1,4,206404
고덕역,승차,2735,14776,9746,77892,76721,41468,25077,46373,8431,0,11,3,303233
고덕역,하차,5842,9728,6456,50088,60811,82963,26324,38724,13408,1,4,12,294361
고려대역,승차,1391,3918,1346,66320,85982,57146,14296,18054,4735,19,69,25,253301
고려대역,하차,2661,2542,1746,60925,62283,75933,10369,17670,8243,25,54,37,242488
고속터미널역,승차,9556,27858,17615,225492,790500,654550,47133,197727,68129,210,2124,1570,2042464
고속터미널역,하차,5776,27086,15321,445994,734186,346321,86140,174733,27809,379,1690,704,1866139
공덕역,승차,4272,11322,4831,162816,287022,318408,34678,72012,25393,789,1368,580,923491
공덕역,하차,7297,8239,5214,332858,217849,226206,39598,65445,19868,186,1170,1499,925429
공릉역,승차,2798,7913,2821,105919,91283,58084,31057,37156,9203,7,11,4,346256
공릉역,하차,4319,4529,4102,43750,81873,125097,17970,41756,17876,2,13,8,341295
광나루역,승차,3830,8439,3180,126570,105600,73237,24005,42770,12331,34,134,110,400240
광나루역,하차,3124,7645,5833,66250,99675,114578,27959,35831,12488,45,136,85,373649
광명사거리역,승차,4102,7995,3430,210878,122596,71456,52917,84846,21035,6,15,7,579283
광명사거리역,하차,2112,5782,6044,69825,132325,192204,34623,101072,29703,7,15,12,573724
광화문역,승차,999,14271,8125,44496,308494,432062,8970,60182,22317,223,1690,857,902686
광화문역,하차,6414,13925,2859,501956,253256,83911,37037,47680,6561,831,1562,515,956507
광흥창역,승차,2614,4609,1817,66761,70928,61511,18781,33081,5967,23,44,40,266176
광흥창역,하차,2200,4012,2992,64576,55592,67784,19222,28275,9323,8,42,65,254091
교대역,승차,4331,13090,10552,147504,419553,470934,38281,142933,56962,81,439,232,1304892
교대역,하차,7305,13134,8132,480149,323894,219517,77186,129196,22888,86,461,306,1282254
구로디지털단지역,승차,6644,8769,3989,515129,430038,408097,60524,101077,39345,282,747,167,1574808
구로디지털단지역,하차,2082,7836,9012,433934,350372,547570,52885,111760,36795,50,318,724,1553338
구산역,승차,2780,7342,4710,94589,49941,21867,25465,28014,5181,2,15,4,239910
구산역,하차,3878,4904,2532,14375,34609,60491,10834,34442,15215,6,3,6,181295
구의역,승차,4629,7105,3443,277862,190218,113862,44052,50208,14494,26,110,61,706070
구의역,하차,1399,7015,6406,99983,169675,287710,24125,59389,24873,21,75,74,680745
구파발역,승차,6157,13464,5299,232208,154810,79545,46379,73496,15494,4,115,41,627012
구파발역,하차,3879,12901,9519,82543,149456,222739,35955,69544,25268,68,126,13,612011
군자역,승차,4744,5968,3932,256752,197234,170196,44438,66427,25653,28,154,38,775564
군자역,하차,1130,7781,5193,114754,182390,274659,32718,67884,25235,26,96,70,711936
굽은다리역,승차,2375,4407,2904,93783,62614,35614,34298,39728,9596,3,13,6,285341
굽은다리역,하차,1001,5185,3635,29121,59099,95960,16342,43398,19024,8,6,5,272784
금호역,승차,2661,2450,748,88674,52251,28878,23479,24925,5603,6,24,5,229704
금호역,하차,314,2962,2471,19598,52689,82183,10566,28707,13244,9,32,18,212793
길동역,승차,1538,2281,1706,63956,53822,34781,27217,43434,10944,15,26,6,239726
길동역,하차,616,2926,1925,33260,52147,70899,21615,46691,14885,0,28,29,245021
길음역,승차,9224,13326,6525,237096,150817,75101,53840,59374,13908,18,38,38,619305
길음역,하차,4619,15738,11974,73932,146237,229811,24874,71175,30354,15,29,85,608843
김포공항역,승차,1550,5997,4808,54102,93761,83430,8709,29704,10025,90,1143,549,293868
김포공항역,하차,2525,6169,1917,66234,80832,29423,12041,27213,4280,273,570,144,231621
까치산역,승차,8255,8835,3414,362308,172534,79227,79472,68971,14951,43,85,15,798110
까치산역,하차,2201,9127,8997,51278,173290,353951,26486,91877,46462,3,59,73,763804
낙성대역,승차,4191,11955,4661,310233,219721,133221,45569,55968,14055,38,67,45,799724
낙성대역,하차,5275,6850,6489,102339,190866,343054,26925,63290,26715,9,62,95,771969
남구로역,승차,2761,2442,1211,107126,103262,119443,24512,29859,9518,36,54,30,400254
남구로역,하차,815,3183,2065,163525,91475,92227,19554,32632,12611,20,78,49,418234
남부터미널역,승차,4312,13308,9846,123049,297227,269947,28518,71567,27658,153,451,174,846210
남부터미널역,하차,4060,16357,7698,317191,234795,150163,51374,62284,15367,29,243,306,859867
남성역,승차,2031,3469,1896,127147,76295,39744,34631,38432,8226,9,2,3,331885
남성역,하차,1164,3228,2658,34724,73534,117713,17261,45929,18919,1,2,9,315142
남위례역,승차,2120,7393,2015,63425,53569,41689,13834,17186,4909,10,16,22,206188
남위례역,하차,5097,3841,3047,42892,48324,69278,9473,17372,8455,0,24,33,207836
남태령역,승차,328,1109,213,9621,14730,7327,3400,5147,752,0,1,2,42630
남태령역,하차,827,228,170,12137,6050,6086,2342,4299,1731,1,1,2,33874
남한산성입구역,승차,9687,8008,2127,153670,96139,40385,40452,33666,6416,1,9,1,390561
남한산성입구역,하차,2746,8113,5773,57281,72346,131031,15873,40935,18967,3,5,0,353073
내방역,승차,1524,4319,2860,71055,118434,127762,20937,41988,12691,11,77,12,401670
내방역,하차,1458,4682,3078,151552,89311,79715,25012,35181,12195,51,18,19,402272
노원역,승차,11964,32398,30350,380491,421917,346773,98572,179859,52041,215,128,52,1554760
노원역,하차,15714,43529,22579,284211,464542,516300,91919,179965,61147,19,155,224,1680304
녹번역,승차,5934,5970,2107,205053,95084,40220,37202,36706,7237,27,60,17,435617
녹번역,하차,833,6892,5759,34051,89028,177883,14700,42152,22861,15,25,52,394251
녹사평역,승차,698,2574,1780,19797,48666,69029,6141,9753,2798,140,459,427,162262
녹사평역,하차,1824,1690,1029,40087,60534,42456,6004,9039,3238,50,374,415,166740
논현역,승차,667,2779,4187,42337,153582,249636,9979,25584,9701,25,159,103,498739
논현역,하차,1273,4777,2507,252163,130347,78650,18419,19888,6025,36,129,97,514311
단대오거리역,승차,4835,5670,2347,137578,76424,41297,36824,33886,7520,3,5,1,346390
단대오거리역,하차,1087,6239,4644,41173,67518,133382,16131,42295,17330,4,1,1,329805
답십리역,승차,3713,3155,1203,176344,110737,68137,31961,44481,11878,78,168,80,451935
답십리역,하차,631,3747,3266,69397,92586,152872,21458,46398,17232,29,89,207,407912
당고개역,승차,3286,3416,1421,108600,58296,26801,34298,36301,8574,2,4,2,281001
당고개역,하차,421,3335,3650,25212,46664,86625,17480,40277,19526,2,9,4,243205
당산역,승차,2798,5994,2429,154121,143349,134332,18460,29750,11618,14,68,62,502995
당산역,하차,3773,5061,4748,141350,145720,216928,19063,33300,13172,13,73,129,583330
대림역,승차,6952,7531,3521,343444,275244,166946,67277,91142,25321,146,260,177,987961
대림역,하차,2132,9412,6509,170948,305651,322514,51635,101094,34895,77,283,235,1005385
대청역,승차,4483,10752,3525,93275,78062,48705,24187,32394,7955,10,30,16,303394
대청역,하차,5177,6009,6401,52643,59299,92438,15177,32774,14822,2,14,34,284790
대치역,승차,4213,14280,27635,78131,79623,74004,23454,38819,10699,1,25,14,350898
대치역,하차,6950,29783,9109,60247,83028,80388,20892,36115,13150,13,51,5,339731
대흥역,승차,1593,9001,6706,52568,80996,67020,14575,26602,8177,21,53,43,267355
대흥역,하차,6416,7486,2981,72214,73061,65979,15542,24687,8257,16,43,45,276727
도곡역,승차,1549,4189,1756,37328,50754,38852,8144,17057,4488,3,9,12,164141
도곡역,하차,2378,3510,1936,49290,38856,38738,9998,14213,4160,5,31,14,163129
도림천역,승차,455,1640,309,9067,9843,6203,2849,4731,1510,0,4,1,36612
도림천역,하차,1187,601,513,9015,7751,9362,3715,4673,1710,0,0,6,38533
도봉산역,승차,2758,3716,1107,120674,56101,22391,19965,31416,6369,1,9,2,264509
도봉산역,하차,1270,3958,4305,37953,63402,125131,26307,40135,14510,4,19,3,316997
독립문역,승차,2370,8411,2098,48000,61449,31959,24185,42404,8317,8,132,38,229371
독립문역,하차,3801,6285,2998,52296,48350,47469,26712,37493,11708,32,138,16,237298
독바위역,승차,1464,1730,561,33952,15151,5928,10262,9866,2044,0,7,1,80966
독바위역,하차,226,1357,1444,6399,14946,33258,6246,13845,7309,2,5,0,85037
돌곶이역,승차,3304,2773,1254,113448,69159,37227,26092,30950,7912,23,11,4,292157
돌곶이역,하차,722,3232,2495,37959,59199,100119,15763,33766,13936,2,29,14,267236
동대문역,승차,2572,10503,4595,95927,322416,206990,48094,191670,47911,896,3426,2985,937985
동대문역,하차,2847,11653,2799,227414,265623,146451,99376,159203,25344,812,4580,4332,950434
동대문역사문화공원역,승차,2630,19693,9721,119831,397931,386289,17823,83115,32154,3660,9192,6745,1088784
동대문역사문화공원역,하차,10669,16067,5918,310920,347631,257792,52377,68136,12542,1332,8212,10456,1102052
동대입구역,승차,950,3423,1731,27779,111144,111816,6645,27473,10816,346,806,273,303202
동대입구역,하차,2106,3911,1462,129323,103893,45366,20888,22697,4222,178,747,543,335336
동묘앞역,승차,1999,11646,3562,80973,158476,82010,30204,173088,30387,509,1157,405,574416
동묘앞역,하차,4919,11808,2481,85806,143990,102245,60451,154291,15055,123,867,872,582908
동작역,승차,86,732,355,5817,14096,15177,4567,11397,3025,5,52,51,55360
동작역,하차,306,555,264,12944,12356,13321,8375,8412,1888,9,47,39,58516
둔촌동역,승차,2104,3979,2758,67633,67806,43140,22490,38263,10899,5,94,42,259213
둔촌동역,하차,748,4180,3016,51183,54526,71182,19965,38441,13826,11,56,77,257211
디지털미디어시티역,승차,4377,3955,1963,143304,99960,91431,26451,27580,7555,13,46,35,406670
디지털미디어시티역,하차,912,6114,6442,130021,85878,139444,16094,29991,15737,6,40,69,430748
뚝섬역,승차,2065,8337,5264,69088,240344,318880,18310,37097,11890,49,1122,862,713308
뚝섬역,하차,2414,9611,3866,296977,239613,116693,27412,30755,9488,153,1040,298,738320
마곡역,승차,3167,5726,2975,65228,113715,91230,16987,24947,6366,10,29,12,330392
마곡역,하차,856,6086,5030,130284,72697,72025,16107,21678,9331,11,26,16,334147
마들역,승차,3222,6441,2403,163629,72746,26893,42922,45496,7808,2,6,2,371570
마들역,하차,2490,4814,3551,24600,72082,144924,19172,51491,23418,2,1,1,346546
마장역,승차,1660,2802,872,48378,43023,28666,14014,22934,5633,2,175,250,168409
마장역,하차,1211,1894,1569,29644,35478,45726,12409,21369,7359,12,228,173,157072
마천역,승차,5858,2834,799,91264,34916,17648,29688,26086,5534,4,10,7,214648
마천역,하차,415,4901,3942,18417,35431,72040,13904,31688,16789,0,5,11,197543
마포구청역,승차,3999,4100,2621,134982,104992,81473,34001,40277,9918,19,91,119,416592
마포구청역,하차,1285,5500,3761,68637,87933,127196,19654,40685,16731,36,49,76,371543
마포역,승차,2355,2750,1343,91663,114888,121748,18740,35410,11566,367,678,239,401747
마포역,하차,558,3279,2790,128535,97356,108533,19206,34195,11896,49,417,598,407412
망원역,승차,3090,5168,3632,92211,131150,132461,27445,47446,12910,73,647,247,456480
망원역,하차,1297,7500,3782,83491,172325,126866,21838,54434,15597,188,581,192,488091
매봉역,승차,1587,3818,2650,57283,94867,107465,21072,42133,10750,4,31,20,341680
매봉역,하차,1442,3955,2445,124086,66017,61639,23531,34761,10890,13,30,7,328816
먹골역,승차,2475,3584,1661,108258,68444,38727,28511,33656,8998,1,9,2,294326
먹골역,하차,730,4027,3220,30048,66556,111670,14421,41580,17214,3,6,4,289479
면목역,승차,4256,5018,1549,176675,97321,46777,42062,47763,13000,19,36,7,434483
면목역,하차,1732,4511,4382,46366,94940,161769,24126,58505,22901,1,19,37,419289
명동역,승차,2176,18825,11307,80621,360290,412450,7034,52473,18316,6578,15962,13874,999906
명동역,하차,10300,17939,5832,308076,406660,201866,32566,42822,4867,3765,23732,16822,1075247
명일역,승차,2358,5144,2035,88656,53563,29081,31271,37053,8994,2,19,4,258180
명일역,하차,1748,4113,4149,26133,52792,94293,19775,41962,17752,1,5,4,262727
모란역,승차,1312,5137,1996,25831,28950,25540,13218,37746,8398,0,5,1,148134
모란역,하차,3193,3209,2216,16194,21701,26037,15392,26499,4422,0,8,4,118875
목동역,승차,3553,7343,7239,176651,112986,73766,34365,42355,10501,18,38,13,468828
목동역,하차,3402,9425,5856,63288,121072,204211,19405,46393,22354,8,24,39,495477
몽촌토성역,승차,890,2379,1381,49771,55589,51565,8914,20691,5967,21,112,23,197303
몽촌토성역,하차,1060,2430,1134,58194,49201,54178,12578,17438,4727,13,51,43,201047
무악재역,승차,1421,1437,483,48076,26957,13867,15059,15886,2915,1,13,3,126118
무악재역,하차,186,1731,1566,10969,25322,47680,6650,19770,9582,6,20,1,123483
문래역,승차,2820,5064,2742,128821,171961,222614,24162,51495,14802,39,132,84,624736
문래역,하차,1389,5641,3548,229913,157059,160788,32609,44455,12995,23,116,101,648637
문정역,승차,1312,3460,3022,89081,190856,214650,16342,37384,10231,63,64,11,566476
문정역,하차,1952,3106,2444,300559,112775,107291,23375,30745,9464,10,31,62,591814
미사역,승차,6364,11324,10191,181291,121844,88951,34521,45743,12031,10,28,26,512324
미사역,하차,2142,17632,10519,63282,126470,208500,22891,46704,21802,2,22,23,519989
미아사거리역,승차,9286,17507,5147,256944,182230,111905,70065,96029,24272,18,34,34,773471
미아사거리역,하차,6020,12829,11041,84475,182477,270411,36713,111673,42321,7,45,40,758052
미아역,승차,3867,11629,6113,136599,108716,60865,46360,59982,14259,15,22,12,448439
미아역,하차,8575,6153,4646,63691,92741,132669,30113,65975,25843,3,36,30,430475
반포역,승차,1538,2301,1376,29641,61157,50315,7931,23907,8439,1,46,36,186688
반포역,하차,689,3282,1762,58126,45528,29048,13719,19918,4662,4,16,23,176777
발산역,승차,2434,10629,7070,83739,201564,214518,25106,67960,19259,162,218,53,632712
발산역,하차,3811,10418,5849,229013,162798,137609,36195,58370,14823,36,161,238,659321
방배역,승차,2516,11801,7439,81509,155560,138212,21253,44378,11843,15,43,32,474601
방배역,하차,5789,11060,5422,156603,131988,102948,26614,38257,11806,12,52,27,490578
방이역,승차,1797,7648,10491,48066,46388,45784,19305,25859,7390,0,11,5,212744
방이역,하차,2438,12465,4645,40725,48213,54823,13826,27630,11456,4,4,8,216237
방화역,승차,2505,5606,1365,69344,43742,19662,24346,29765,5692,11,7,6,202051
방화역,하차,2542,3466,3405,21826,37361,65481,13891,31819,13112,2,6,17,192928
버티고개역,승차,544,876,511,16908,16403,12156,5899,6803,1803,11,38,21,61973
버티고개역,하차,410,950,945,10258,14209,19343,4402,8069,3600,5,18,15,62224
보라매역,승차,1091,3685,1529,63232,52756,38230,9862,17153,5266,6,10,10,192830
보라매역,하차,2562,2576,2032,39454,49524,69152,8559,18893,6078,0,13,20,198863
보문역,승차,1848,3256,1235,77935,66672,44723,13225,14966,3974,11,28,24,227897
보문역,하차,2689,2030,1697,42247,51461,79925,8556,15411,6903,9,16,24,210968
복정역,승차,2556,4507,1307,95112,73888,54228,15593,20946,6472,2,9,10,274630
복정역,하차,1733,3247,3216,49923,59140,79157,13947,16339,8382,1,2,3,235090
봉천역,승차,3325,6265,2594,291649,153265,79727,59389,79653,18611,23,61,26,694588
봉천역,하차,2332,4649,4472,57035,144393,278382,33101,89900,32983,10,36,41,647334
봉화산역,승차,2863,2653,934,114293,52077,23289,22551,25881,5014,3,3,0,249561
봉화산역,하차,408,3335,3108,24776,53021,97259,11047,28981,12583,3,8,1,234530
불광역,승차,3287,6411,2793,194587,141402,84259,55336,107020,27132,21,119,45,622412
불광역,하차,1943,6531,4933,84785,144742,211436,43134,119872,35583,15,69,87,653130
사가정역,승차,3755,4584,1774,175574,105761,62345,43374,52047,14024,1,6,3,463248
사가정역,하차,1126,4994,4585,53535,110127,177666,24126,60552,25052,1,10,10,461784
사당역,승차,9627,18618,11451,544205,516681,537041,79924,181484,73742,107,326,217,1973423
사당역,하차,4727,18550,18495,305910,571700,749707,79254,198306,52817,95,338,272,2000171
산성역,승차,3104,2858,709,82358,42767,15520,17922,17791,2836,1,5,2,185873
산성역,하차,663,3589,3286,18350,39030,82706,9717,21264,10711,1,9,4,189330
삼각지역,승차,1468,6518,1927,65494,142902,155614,9077,28225,11771,214,1465,349,425024
삼각지역,하차,3024,5151,1932,115616,141144,109181,14568,24501,6386,274,1218,336,423331
삼성역,승차,1942,17631,13683,74707,595715,689225,15438,80869,25854,854,5891,3454,1525263
삼성역,하차,8751,19057,4324,795752,449673,137520,48992,55640,8531,785,5514,2127,1536666
상계역,승차,6351,13918,8409,222208,115824,59537,54833,60536,14611,2,9,6,556244
상계역,하차,8224,11329,7503,45857,112577,203032,26759,66707,32946,1,4,3,514942
상도역,승차,3080,3896,1553,109076,98537,62885,28845,32177,6949,0,34,22,347054
상도역,하차,1255,4449,3139,56013,90313,117662,15063,34064,15062,2,6,13,337041
상봉역,승차,3166,5110,2900,188890,129965,93284,25276,37816,16310,7,43,40,502807
상봉역,하차,990,5540,4824,64391,128189,206271,20158,40765,14777,11,45,32,485993
상수역,승차,1441,4784,5408,45972,92671,128220,7464,11624,3233,152,567,612,302148
상수역,하차,1960,7448,3583,72105,130177,102203,6052,12350,4140,63,522,512,341115
상왕십리역,승차,5548,5417,2094,150022,111224,66444,26498,34985,9204,35,108,90,411669
상왕십리역,하차,1679,7506,4198,59534,102543,153297,18736,37531,15340,20,107,128,400619
상월곡역,승차,3193,2425,723,69259,47194,24910,19049,19703,3923,1,3,3,190386
상월곡역,하차,697,2804,1935,26149,38993,61650,10125,21388,9903,3,6,1,173654
상일동역,승차,4704,8779,2338,180064,83349,38837,43047,42321,9670,3,13,3,413128
상일동역,하차,826,6134,8080,35717,79169,165713,19745,48242,25438,8,8,9,389089
새절역,승차,3310,6663,1849,153592,76026,33696,42906,41560,9043,4,14,4,368667
새절역,하차,2282,4511,4361,30477,68548,136432,17873,52000,24346,3,9,8,340850
서대문역,승차,1910,12028,3673,67736,176911,194194,16595,44453,11037,227,320,217,529301
서대문역,하차,6873,4707,2890,280599,101150,67719,26501,33594,7954,24,230,317,532558
서울대입구역,승차,5007,13515,7679,465094,379597,267608,65431,87229,26167,21,97,68,1317513
서울대입구역,하차,5473,11325,8667,173970,347262,559973,39867,98649,34676,35,115,100,1280112
서울역,승차,7046,17285,8588,267765,715891,655532,55221,151489,52332,2202,8649,4520,1946520
서울역,하차,7789,19781,11865,771692,673506,396291,91612,139470,34324,3692,9141,4908,2164071
서초역,승차,2485,10190,2755,87646,219180,199649,18996,62274,14117,34,155,103,617584
서초역,하차,4351,4550,3211,272938,138219,77812,42937,44088,7816,17,146,113,596198
석계역,승차,3666,5456,1956,138037,80202,42449,36952,36838,9381,7,13,1,354958
석계역,하차,1999,4783,4381,33736,84528,151285,16343,46357,20361,0,10,4,363787
석촌역,승차,949,2322,2486,54376,59601,54681,17050,32290,7789,4,41,25,231614
석촌역,하차,786,4056,2328,48807,79250,75056,18423,32186,9706,13,48,21,270680
선릉역,승차,2579,10485,14847,116938,512487,618441,26641,147906,55591,436,927,384,1507662
선릉역,하차,6394,12866,6079,644768,295671,158098,83406,104502,14395,112,643,727,1327661
성수역,승차,2066,11604,9954,83688,412572,580852,25183,54985,19293,129,3295,2477,1206098
성수역,하차,3074,18128,4847,525575,499631,180816,42812,44168,13206,937,5418,885,1339497
성신여대입구역,승차,5533,15041,11350,159156,205342,155988,28591,49441,14630,422,644,303,646441
성신여대입구역,하차,5343,15657,9818,92420,186530,218377,22869,50204,18034,52,324,669,620297
송정역,승차,1774,2426,932,57252,43444,28092,18991,26136,7662,73,44,24,186850
송정역,하차,719,2163,2349,23418,37793,58809,13314,26994,9937,9,42,102,175649
송파역,승차,2286,6397,2574,86659,64989,37206,26347,34778,7635,12,7,5,268895
송파역,하차,3471,4369,3362,39552,60294,81871,15586,36327,16001,1,14,6,260854
수락산역,승차,3448,5031,1381,128102,79716,39171,38893,55712,12979,4,5,4,364446
수락산역,하차,869,4068,4052,37894,72957,128419,27925,58138,22832,0,4,5,357163
수서역,승차,5233,9712,2841,125004,157987,114931,38091,66158,19857,21,65,20,539920
수서역,하차,3856,6617,7491,125265,129883,142500,35509,60770,23630,29,54,28,535632
수유역,승차,10511,12620,5883,340536,255559,156508,74746,94570,26091,55,137,24,977240
수유역,하차,1768,14158,12627,112626,238835,397564,43715,105700,46153,8,79,107,973340
수진역,승차,1062,6781,3212,52060,34379,17559,16542,26488,5038,4,10,4,163139
수진역,하차,5622,3574,2126,15841,28906,47495,13314,26063,7647,1,5,6,150600
숙대입구역,승차,1941,9910,3659,76049,148579,137848,18292,29403,9360,373,667,386,436467
숙대입구역,하차,5985,4946,2727,114927,127832,109477,15033,27397,9945,98,547,575,419489
숭실대입구역,승차,3402,7115,3266,121638,121848,72992,32705,29556,5467,14,21,5,398029
숭실대입구역,하차,3310,7090,4235,64733,111499,136032,12033,39501,18896,6,20,13,397368
시청역,승차,1814,16547,7583,81553,501190,648441,14966,103641,37945,2761,7093,4171,1427705
시청역,하차,7017,11747,3322,759868,331658,118484,63397,78712,7752,948,5027,3978,1391910
신금호역,승차,2304,5747,1584,64597,44246,26099,16167,18669,5253,17,43,18,184744
신금호역,하차,4089,3686,2774,25326,45354,68364,10020,24727,10538,2,18,51,194949
신길역,승차,642,666,372,60365,35992,28135,4478,6112,2363,195,172,78,139570
신길역,하차,185,778,896,25918,34300,65529,4700,5836,2705,23,140,226,141236
신답역,승차,318,352,90,21519,10075,4057,4555,4294,1030,4,12,14,46320
신답역,하차,60,346,525,3780,10822,24578,2003,5833,2393,3,13,12,50368
신당역,승차,3652,10829,5357,155577,183907,183421,29735,74796,25609,230,630,473,674216
신당역,하차,8016,7816,4402,136333,188709,223772,43703,69600,18278,75,548,737,701989
신대방삼거리역,승차,2918,5774,3098,174059,91985,51389,38915,47182,9820,4,6,6,425156
신대방삼거리역,하차,2215,4536,3555,38877,90634,167934,21524,56099,21328,3,5,15,406725
신대방역,승차,4520,5248,2205,332229,172565,83167,58993,60285,15762,40,89,32,735135
신대방역,하차,575,5435,6161,59965,166701,334717,28494,74089,33160,8,37,84,709426
신도림역,승차,7404,13553,6775,435870,410298,365440,67408,128047,39831,51,189,129,1474995
신도림역,하차,3259,14774,11698,250786,427436,524305,55134,128721,38338,33,180,227,1454891
신림역,승차,7432,14969,8484,691465,413651,244911,78172,96920,30044,112,269,86,1586515
신림역,하차,4362,14864,11940,130422,396364,765295,41950,114033,46887,39,120,217,1526493
신사역,승차,1561,7661,7850,58576,271052,362347,14274,42488,13779,334,2101,1798,783821
신사역,하차,3816,10315,4165,319088,273474,138265,27829,32310,8177,484,2373,1128,821424
신설동역,승차,2121,4540,2216,100558,144646,110209,34676,95740,25257,360,625,407,521355
신설동역,하차,2562,2744,1923,128905,100191,112635,50889,85307,18340,75,462,737,504770
신용산역,승차,1256,5485,3738,53624,194670,247628,11321,33730,12520,185,806,588,565551
신용산역,하차,2320,7082,2611,221862,201949,112771,18922,30957,8191,184,853,729,608431
신정네거리역,승차,2684,3631,1167,122157,58808,26501,34470,34431,7263,2,20,5,291139
신정네거리역,하차,355,3516,3652,21974,66060,124424,14068,43545,20244,8,13,28,297887
신정역,승차,3973,5554,2380,186700,77661,34642,34002,26307,6118,12,29,4,377382
신정역,하차,3111,4423,4259,28526,71751,138827,11082,34554,18365,0,28,14,314940
신촌역,승차,2456,13791,11574,160561,403413,389434,25673,78493,20682,354,1385,868,1108684
신촌역,하차,6066,14690,7425,252725,404919,320604,41577,66388,14790,242,1103,1187,1131716
신풍역,승차,2254,4099,1355,125730,70809,40248,31827,37471,8414,11,18,6,322242
신풍역,하차,1537,2912,2605,43574,68210,105625,18448,40181,17295,3,17,16,300423
신흥역,승차,1622,3350,1675,53262,30208,16263,14600,22143,5905,1,3,2,149034
신흥역,하차,628,3747,2542,13176,33395,56120,8192,27953,8363,2,4,5,154127
쌍문역,승차,9347,12572,3889,359114,190924,81891,82989,81398,17458,5,33,25,839645
쌍문역,하차,2075,10341,10867,62438,171815,336215,33392,97411,47755,5,14,30,772358
아차산역,승차,4253,17879,6392,133193,105585,69310,39958,54820,15383,15,106,42,446936
아차산역,하차,9413,8931,5382,55523,107714,139626,26153,57869,23069,23,72,20,433795
아현역,승차,2791,8503,3078,103139,86180,48213,24611,33779,7993,19,125,98,318529
아현역,하차,5558,3785,3352,41431,73549,100335,15918,34759,14477,24,137,65,293390
안국역,승차,1842,23640,8519,42889,321539,257998,9557,76145,21855,1052,6884,2168,774088
안국역,하차,16636,11700,2738,322920,278037,58691,48938,58061,5403,2531,5390,1339,812384
안암역,승차,1286,6368,3433,42066,150268,112250,9827,22435,4776,33,109,44,352895
안암역,하차,3708,4883,2653,114010,113600,82289,16082,16832,3450,30,73,76,357686
암사역,승차,5081,5462,1474,247943,107882,48209,51932,50015,11591,5,25,4,529623
암사역,하차,535,5225,5480,39236,107498,199298,20442,63068,27392,2,8,23,468207
압구정역,승차,1812,16672,13876,68353,292991,342532,29717,84204,26927,255,1809,1030,880178
압구정역,하차,9204,17592,5447,366674,278514,118616,55518,67717,15929,497,2564,920,939192
애오개역,승차,1352,2782,988,59222,48257,37277,13815,22079,4675,5,124,74,190650
애오개역,하차,1822,2007,1607,43884,41794,56059,12845,18204,7699,21,128,70,186140
약수역,승차,3561,8470,4281,108018,129900,118395,36445,54749,14530,31,332,196,478908
약수역,하차,6099,5886,3931,98281,117991,133059,25770,55375,19525,65,322,202,466506
양재역,승차,4184,10418,4845,128478,321138,386578,31012,87384,35486,231,343,96,1010193
양재역,하차,5080,9630,7169,475503,245486,202807,54597,80911,20516,62,277,307,1102345
양천구청역,승차,1614,2611,1404,78394,39139,17220,25898,23713,4014,3,4,1,194015
양천구청역,하차,600,3279,2476,17023,42535,82188,10056,28154,16377,3,2,5,202698
양평역,승차,1043,1294,870,69299,54244,49000,10597,15970,4948,41,24,70,207400
양평역,하차,655,1630,1103,61360,39009,66106,11094,14376,5463,2,29,76,200903
어린이대공원역,승차,2047,11905,5982,90117,180695,143429,12869,26198,7205,36,237,78,480798
어린이대공원역,하차,7630,10768,2755,149144,159202,110847,16009,22915,7527,42,180,91,487110
여의나루역,승차,1005,11942,19300,24908,125588,228383,7558,20337,8225,93,1037,2070,450446
여의나루역,하차,4817,18605,9219,162701,155259,97000,14032,16250,4969,191,1664,1298,486005
여의도역,승차,1322,7493,4292,46426,302629,350522,9593,36732,10380,138,1000,640,771167
여의도역,하차,2995,7434,2876,461290,219557,85311,23068,25620,5002,236,1336,504,835229
역삼역,승차,1239,6277,5120,83163,472237,577212,18643,91596,30090,427,1077,547,1287628
역삼역,하차,3113,7116,3479,865634,292883,147457,60282,72063,12040,126,799,1010,1466002
역촌역,승차,830,946,397,39914,21317,10423,13948,18108,3724,42,43,23,109715
역촌역,하차,164,1172,1235,13529,26235,51328,8191,19331,7732,3,17,48,128985
연신내역,승차,6882,17266,10174,359402,216853,120634,95210,134396,31571,25,83,38,992534
연신내역,하차,6692,13479,10463,78713,206212,373486,55144,139141,56392,11,50,43,939826
영등포구청역,승차,2403,5104,3401,160190,207189,231135,31037,70374,23165,54,207,80,734339
영등포구청역,하차,2558,5339,3556,254120,170712,190362,42710,63798,16581,41,176,136,750089
영등포시장역,승차,1252,2163,1195,82312,85760,77648,11485,48750,21607,108,156,137,332573
영등포시장역,하차,665,2513,1732,78307,80387,91821,24886,51478,6495,17,204,168,338673
오금역,승차,3747,6169,1370,104058,68851,46462,22109,27932,7283,0,4,1,287986
오금역,하차,4199,3686,4035,57992,56707,87981,13051,28539,12882,0,5,3,269080
오목교역,승차,4747,11621,12423,147338,170333,161505,25714,50381,16611,3,50,43,600769
오목교역,하차,4235,19456,8101,143757,184450,180380,26082,49986,16515,13,61,40,633076
옥수역,승차,2930,5024,1813,77938,64204,46010,22261,31736,8487,7,78,47,260535
옥수역,하차,1018,5428,4803,30701,69254,92559,13055,35186,14432,9,84,50,266579
온수역,승차,3644,9033,2540,126191,62678,28977,21479,18804,4710,10,10,2,278078
온수역,하차,5995,3873,3405,37963,57542,105906,9185,21684,11446,7,9,11,257026
올림픽공원역,승차,1753,6458,3094,37458,43429,52732,15712,26738,7340,4,42,152,194912
올림픽공원역,하차,3756,3356,2069,27400,53110,34837,12986,21402,7340,11,131,33,166431
왕십리역,승차,3113,13776,6705,131230,177119,174625,19764,44749,15254,80,229,177,586821
왕십리역,하차,5826,9979,5870,101599,176588,195968,23033,41654,10942,29,315,228,572031
용답역,승차,1346,1362,341,30123,24953,10464,8120,7991,1979,15,34,12,86740
용답역,하차,600,1238,899,9889,19918,34809,3988,9854,4054,3,11,35,85298
용두역,승차,334,433,197,19183,17661,10122,6462,14140,3281,0,97,45,71955
용두역,하차,46,404,369,9278,16037,21815,7235,14545,3252,15,74,27,73097
용마산역,승차,2117,2192,1012,71720,38247,18391,17873,19059,3543,1,14,4,174173
용마산역,하차,855,2692,2032,21053,37815,64613,11116,22371,10277,3,18,6,172851
우장산역,승차,6067,19659,7876,151777,93608,41992,39433,52121,10146,7,17,0,422703
우장산역,하차,7970,11056,11231,43551,88478,147610,22791,59560,23150,0,27,16,415440
월곡역,승차,4057,4128,1464,113796,88963,55664,29768,34241,8007,9,14,3,340114
월곡역,하차,1119,5322,3704,53094,76736,119075,15766,39546,15741,0,4,9,330116
월드컵경기장역,승차,564,5261,8208,22476,35162,69375,11024,36518,10869,7,89,234,199787
월드컵경기장역,하차,2328,7441,6388,23578,59195,66408,16706,34177,6277,22,151,104,222775
을지로3가역,승차,2034,7079,3687,78468,328243,458072,13198,77044,31455,2546,4502,1941,1008269
을지로3가역,하차,2531,5548,3207,458953,242507,167490,55128,55901,6516,541,3839,3901,1006062
을지로4가역,승차,861,4100,1999,50352,203629,186659,12386,74195,28018,1380,3217,1376,568172
을지로4가역,하차,2367,3098,1628,221852,142524,82164,53037,54667,5175,613,3034,2960,573119
을지로입구역,승차,1985,11775,7028,81151,488655,664041,8526,67109,25125,2860,9283,7195,1374733
을지로입구역,하차,3196,10372,5860,675731,403529,194508,35881,53181,5660,1268,9256,7595,1406037
응암역,승차,4413,6201,2399,207052,108754,51650,55961,58998,12957,11,33,7,508436
응암역,하차,1881,6146,5636,42657,104570,212047,24139,68797,33495,9,19,19,499415
이대역,승차,1560,7002,4785,105791,181499,121408,14567,28861,7510,218,975,362,474538
이대역,하차,2950,7294,4325,116787,171758,158938,18560,26772,9064,207,1023,551,518229
이수역,승차,1700,4823,3407,109030,131734,139545,22464,45699,15684,16,66,21,474189
이수역,하차,1318,5423,3210,97488,131710,141894,22405,43179,13777,6,45,21,460476
이촌역,승차,1852,11575,2571,42546,95917,54037,13522,33283,7452,34,1398,424,264611
이촌역,하차,5435,9411,2805,60974,94578,57256,19216,29185,8418,303,1303,98,288982
이태원역,승차,1061,2989,2602,51131,110603,153527,8128,16359,6000,625,2051,2350,357426
이태원역,하차,1155,3190,2446,85148,128476,138474,12093,13378,5033,278,2574,3302,395547
일원역,승차,4151,12689,2977,69555,104950,36206,21711,40893,7138,9,18,3,300300
일원역,하차,5591,5057,7446,78153,63358,62056,23877,34588,11599,3,13,3,291744
자양역,승차,1926,6904,12031,80732,84747,120752,20976,38891,11393,42,105,226,378725
자양역,하차,2031,11189,7526,40140,119691,124704,17362,41559,12980,25,115,149,377471
잠실나루역,승차,4383,6650,1486,122652,130536,62766,29014,50309,9425,14,64,33,417332
잠실나루역,하차,1632,5635,5110,95472,95270,113060,27363,45503,15720,37,67,37,404906
잠실새내역,승차,10438,12755,8219,208148,178057,160692,37425,60729,17709,85,227,165,694649
잠실새내역,하차,3227,17630,10065,80113,219886,237567,26475,65789,22491,61,262,199,683765
잠실역,승차,12160,50357,45676,533090,875547,952414,64697,187637,60249,484,5073,5210,2792594
잠실역,하차,29956,51426,29826,663203,984088,760043,80209,176821,43975,1919,6639,1849,2829954
잠원역,승차,1627,3454,1074,43682,43251,21372,11488,17684,4113,6,74,71,147896
잠원역,하차,623,2926,3320,26364,32825,41750,10166,15740,5804,25,88,45,139676
장승배기역,승차,1611,2553,1244,91674,60039,33793,28052,35151,7957,0,6,4,262084
장승배기역,하차,752,2927,2260,35654,54805,86799,18009,39443,14499,2,6,5,255161
장암역,승차,669,549,145,42568,15191,6157,3734,9493,2591,0,0,2,81099
장암역,하차,63,364,381,6497,8632,11022,3717,7130,1169,0,0,0,38975
장지역,승차,3505,8183,4010,141108,131093,108825,30081,46889,13527,11,45,42,487319
장지역,하차,2547,6274,4591,113204,113115,123415,21331,47624,16910,2,45,53,449111
장한평역,승차,3810,3717,1584,183058,136232,107725,31052,49032,21358,320,402,457,538747
장한평역,하차,646,4592,3931,116474,116841,184202,34272,51274,17837,30,219,764,531082
제기동역,승차,1460,1839,627,72518,95715,57911,46797,179222,35596,16,152,56,491909
제기동역,하차,513,1850,1263,74092,75094,67198,77769,185233,17040,49,153,48,500302
종각역,승차,740,9696,7059,42912,343020,506481,14249,96630,35924,661,1989,1083,1060444
종각역,하차,4237,10195,2082,536324,262295,94031,56721,72541,8642,318,1733,1131,1050250
종로3가역,승차,1517,10074,6657,73185,424936,572994,39076,291190,117128,1995,4921,2183,1545856
종로3가역,하차,2938,11191,3374,370936,475282,239631,126718,285762,25680,886,4383,3549,1550330
종로5가역,승차,526,4395,2002,35114,214315,176578,26453,176641,45030,738,4437,1993,688222
종로5가역,하차,1273,3797,1133,192356,167309,61720,79582,150640,12286,828,2951,1483,675358
종합운동장역,승차,1643,15161,25281,59494,92871,271503,14292,30242,13596,30,316,868,525297
종합운동장역,하차,11967,28613,7281,63270,273394,146919,22774,29227,8902,104,800,308,593559
중계역,승차,3990,9551,2871,167710,92711,42116,41959,50801,9748,3,2,1,421463
중계역,하차,5178,5436,4602,45838,77804,148677,28875,47013,22876,0,1,1,386301
중곡역,승차,3098,7764,2350,106271,75034,46259,27278,31218,8710,13,12,8,308015
중곡역,하차,2859,2971,2799,53452,60350,98042,16965,35838,15551,1,13,4,288845
중화역,승차,2685,4655,2121,114524,70738,39997,27739,32123,8661,0,1,1,303245
중화역,하차,1927,3799,3662,39421,66463,112069,15825,35646,16624,11,5,2,295454
증산역,승차,2606,3397,1134,111508,59769,28991,36250,33308,6981,0,10,4,283958
증산역,하차,660,3444,3642,23031,59494,115053,14375,41995,20543,1,5,5,282248
지축역,승차,3525,5853,2147,85225,53916,27160,15875,17574,4511,1,5,1,215793
지축역,하차,1465,5648,5343,29704,49490,84287,9310,18487,9015,1,4,8,212762
창동역,승차,6961,11982,6105,234312,171311,108961,73951,116974,36545,11,31,5,767149
창동역,하차,3586,11380,10162,91243,186284,268535,55205,134613,45601,6,20,29,806664
창신역,승차,1340,2843,1309,41459,22719,11817,9922,8014,2032,0,15,16,101486
창신역,하차,2934,1459,1146,13315,18978,28821,4407,9506,4733,12,12,20,85343
천왕역,승차,5119,8253,1803,145889,67384,30503,30980,27363,5016,6,8,2,322326
천왕역,하차,4213,6065,5265,35024,69534,124952,12143,35644,16087,1,6,4,308938
천호역,승차,4555,9713,7302,247384,271958,223280,60177,142439,44651,40,117,37,1011653
천호역,하차,2038,13437,8479,184285,278255,328955,60598,149224,37556,24,86,87,1063024
철산역,승차,4278,8264,4462,234253,144408,95125,42257,61411,14555,14,22,11,609060
철산역,하차,1682,8635,8051,84338,151305,243612,31962,60206,24370,3,26,22,614212
청구역,승차,1704,2396,1123,49576,58285,63550,15689,21920,7514,62,216,99,222134
청구역,하차,592,2564,1831,62865,49031,52485,14695,20321,8071,17,143,172,212787
청담역,승차,1148,4399,3229,40877,169843,211650,18755,44917,15417,125,369,218,510947
청담역,하차,2918,4888,1814,304174,111120,56200,37270,29729,9384,76,363,307,558243
청량리역,승차,3154,5344,1834,153858,144212,86757,55805,189131,41084,94,217,104,681594
청량리역,하차,2401,4977,3277,81833,140732,146016,69695,190568,29921,43,174,213,669850
총신대입구역,승차,2694,6589,3572,145379,129504,111964,47668,89064,25619,23,72,26,562174
총신대입구역,하차,2407,6485,4454,88824,148878,182945,36996,100480,31581,22,78,34,603184
충무로역,승차,2347,7510,5438,81521,284718,336916,14767,69272,32705,2495,3578,1666,842933
충무로역,하차,3603,7384,4370,346316,232027,146791,52484,56441,9084,499,3500,4025,866524
충정로역,승차,1759,4668,1639,78143,129944,126529,20624,32869,8324,83,268,169,405019
충정로역,하차,3062,2919,2478,170320,91987,87985,20333,30464,11663,51,225,236,421723
태릉입구역,승차,3221,5806,2574,134292,124149,76945,30254,45499,13846,10,13,10,436619
태릉입구역,하차,1671,6052,4528,64784,113162,163183,20721,48720,16810,3,15,18,439667
하계역,승차,4026,11742,4069,189656,127851,58928,42036,62467,14364,3,13,4,515159
하계역,하차,5229,7220,6121,56117,111134,179192,28416,61681,24231,2,6,3,479352
하남검단산역,승차,3251,8363,2750,53814,42384,29573,24729,27321,6242,0,12,26,198465
하남검단산역,하차,3269,5231,5293,23836,40662,52755,14038,31128,12477,1,35,6,188731
하남시청역,승차,3212,8350,3607,73336,49621,28179,32463,38904,10056,3,8,6,247745
하남시청역,하차,2596,5737,5998,23009,41696,74303,19118,44638,18254,2,2,5,235358
하남풍산역,승차,1423,4631,1833,30194,32847,23205,11625,19896,4990,15,6,3,130668
하남풍산역,하차,1396,3032,3039,29671,24256,31764,10720,18485,6782,1,8,5,129159
학동역,승차,935,3672,3638,36506,202842,302147,12719,39997,13243,54,236,113,616102
학동역,하차,2297,4402,1758,390586,131137,51717,31081,26072,5909,41,202,208,645410
학여울역,승차,606,1446,671,12161,24295,12902,5604,11404,2149,0,1,4,71243
학여울역,하차,582,1831,576,18169,19661,12635,5562,9882,3481,1,3,0,72383
한강진역,승차,307,2396,1931,16247,111210,151368,3253,10529,3480,43,1475,1077,303316
한강진역,하차,715,3259,1325,109676,169451,52307,8583,7264,1710,204,2751,410,357655
한성대입구역,승차,3039,9680,4402,100875,134134,86824,26688,40276,9922,77,126,59,416102
한성대입구역,하차,5467,6540,4695,78042,116936,115416,20392,39146,15486,38,117,162,402437
한양대역,승차,794,8867,3140,29734,157455,100885,2800,7948,2552,17,185,154,314531
한양대역,하차,7304,5543,1345,147131,122474,47725,6164,6611,1536,130,178,80,346221
합정역,승차,4972,15050,13729,220839,409683,572617,30245,61536,23131,410,1905,1315,1355432
합정역,하차,4309,20518,11081,340805,508942,429473,33869,58805,19764,316,1669,1301,1430852
행당역,승차,3481,3921,1511,94378,49548,24213,24940,23564,4530,10,22,26,230144
행당역,하차,917,4585,2750,19632,47597,79169,9192,25985,12312,2,24,22,202187
혜화역,승차,2019,23055,19781,74183,336283,436293,27436,74626,21770,150,503,406,1016505
혜화역,하차,11202,24964,7212,259086,425820,188264,51326,58200,11728,166,559,456,1038983
홍대입구역,승차,7030,43199,60057,282176,671726,938480,28737,53695,19579,2702,10691,10609,2128681
홍대입구역,하차,13192,77836,26843,368240,1007355,690070,29599,51743,18570,2147,14608,11652,2311855
홍제역,승차,5785,6354,2420,182524,121634,58951,56999,74351,16301,75,175,51,525620
홍제역,하차,1121,7399,5867,53089,108866,173644,30863,79530,34033,10,147,112,494681
화곡역,승차,7628,10283,4048,356633,184720,90692,69754,71286,15500,15,60,30,810649
화곡역,하차,1491,9118,9707,73909,170195,337981,30868,79088,39902,6,57,40,752362
화랑대역,승차,3863,7625,2315,156163,88323,30858,24567,23775,4595,2,13,8,342107
화랑대역,하차,2999,4596,3835,35025,61972,113571,11983,23868,11990,1,12,1,269853
회현역,승차,639,5362,2198,33254,276613,239035,16289,176721,24974,1140,3983,1534,781742
회현역,하차,1628,5929,1161,324841,212261,47542,73297,137652,6883,1008,4336,1893,818431
효창공원앞역,승차,1061,3369,1031,61059,58959,47254,15115,20063,4770,14,27,37,212759
효창공원앞역,하차,1661,2425,1477,47995,46710,54827,10066,19198,7301,4,35,53,191752
