역명,영업업종,월임대료,점포수,평균 면적
가락시장역,기타,1012000.0,1,19.84
가락시장역,식음료,1693000.0,2,22.805
가락시장역,패션잡화,4272800.0,1,52.16
가락시장역,편의점,5233461.0,1,33.0
가산디지털단지역,식음료,13751200.0,1,34.0
가산디지털단지역,편의점,16485040.0,1,35.8
가산디지털단지역,플라워,4196536.0,1,41.97
가산디지털단지역,화상면접,975346.0,1,69.0
강남구청역,공실,0.0,2,49.0
강남구청역,기타,2083937.5,8,59.0
강남구청역,의약업,3955500.0,2,188.85
강남구청역,패션잡화,1825680.5,4,27.05
강남구청역,편의점,16140410.0,1,63.8
강남구청역,플라워,2288553.0,1,55.0
강남역,공실,0.0,2,16.8
강남역,식음료,29358258.0,1,60.97
강남역,의약업,14551200.0,1,26.6
강남역,패션잡화,10000800.0,1,26.55
강남역,화장품,22234458.0,1,35.5
강동구청역,식음료,2500000.0,1,46.69
강동구청역,패션잡화,2170650.0,2,37.205
강동구청역,편의점,6354679.0,1,30.0
강동역,공실,0.0,4,86.71499999999999
강동역,식음료,2842500.0,1,15.0
강동역,패션잡화,2339400.0,3,19.96
강동역,편의점,6532500.0,1,57.26
강변역,편의점,14410000.0,1,41.0
강변역,화장품,8729997.0,1,36.5
강일역,공실,0.0,2,82.25999999999999
개롱역,편의점,3490500.0,1,40.0
개화산역,편의점,3022500.0,1,30.0
거여역,편의점,3159000.0,1,28.98
건대입구역,공실,0.0,1,58.21
건대입구역,기타,18989000.0,1,867.64
건대입구역,식음료,6750642.2,5,40.556
건대입구역,의약업,20875000.0,2,75.5
건대입구역,패션잡화,5011000.0,1,29.5
건대입구역,편의점,8118383.0,2,28.43
건대입구역,플라워,3411217.0,3,24.073333333333334
경복궁역,식음료,1508490.0,1,25.5
경찰병원역,의약업,3510000.0,2,47.2
고덕역,식음료,5555500.0,1,42.94
고덕역,편의점,3354000.0,1,28.62
고려대역,편의점,7763133.0,1,35.0
고려대역,플라워,1080094.0,1,38.4
고려대역,화상면접,1660862.0,1,125.0
고속터미널역,기타,1484155.5555555555,9,96.32222222222222
고속터미널역,식음료,3834219.4,10,19.906
고속터미널역,의약업,0.0,1,0.0
고속터미널역,패션잡화,15964737.272727273,33,254.8021212121212
고속터미널역,편의점,23453430.0,1,60.27
고속터미널역,플라워,3235240.0,1,95.0
고속터미널역,화장품,7793798.0,2,14.4
공덕역,공실,0.0,1,30.0
공덕역,공유오피스,1964118.5,2,86.45
공덕역,기타,3820275.0,8,40.26375
공덕역,무인프린트,1375000.0,1,34.0
공덕역,식음료,6746467.333333333,6,62.56666666666666
공덕역,패션잡화,4064833.3333333335,12,43.449999999999996
공덕역,편의점,8516759.0,2,37.15
공덕역,플라워,2211950.0,4,43.47
공덕역,화장품,7030000.0,1,24.0
공릉역,공실,0.0,1,29.88
공릉역,기타,2079853.0,1,40.0
공릉역,식음료,3600000.0,1,50.0
공릉역,패션잡화,2765000.0,2,29.71
공릉역,편의점,7699120.0,1,28.91
광나루역,식음료,3063600.0,1,62.2
광나루역,패션잡화,3766731.0,1,53.26
광나루역,편의점,6922500.0,1,45.0
광나루역,플라워,2221600.0,1,17.86
광명사거리역,기타,3143467.0,1,37.0
광명사거리역,무인프린트,1204446.0,1,13.0
광명사거리역,식음료,4462329.0,2,42.870000000000005
광명사거리역,패션잡화,3504241.0,2,42.5
광명사거리역,편의점,12292280.0,1,34.27
광명사거리역,플라워,3897086.0,1,40.0
광명사거리역,화장품,3849143.0,1,37.17
광화문역,기타,4629150.0,2,457.17
광화문역,패션잡화,1319999.0,1,10.0
광화문역,편의점,9574500.0,1,56.0
광흥창역,공실,0.0,2,106.0
광흥창역,편의점,3992468.0,1,40.0
교대역,공실,0.0,2,37.7
교대역,기타,2053950.0,2,98.885
교대역,사무실,520175.0,4,87.6
교대역,식음료,5417643.333333333,6,27.03833333333333
교대역,패션잡화,994600.0,1,37.7
교대역,편의점,5376800.0,1,113.1
교대역,플라워,1521650.0,2,27.85
구로디지털단지역,공실,0.0,1,103.0
구로디지털단지역,식음료,9902195.0,2,19.83
구로디지털단지역,패션잡화,10230000.0,1,100.8
구산역,밀키트,898612.0,1,33.0
구산역,패션잡화,1700500.0,1,30.0
구산역,편의점,5228359.0,1,33.2
구의역,기타,1035300.0,1,27.57
구의역,식음료,1687000.0,1,12.08
구의역,패션잡화,2211000.0,1,20.0
구의역,플라워,2561360.0,1,23.1
구의역,화장품,6940535.0,1,50.46
군자역,공실,0.0,1,50.0
군자역,식음료,4258234.5,2,26.35
군자역,패션잡화,4884437.571428572,7,55.32714285714285
군자역,편의점,14890590.0,1,54.82
군자역,플라워,4575943.0,1,31.0
군자역,화장품,3600000.0,1,44.67
굽은다리역,공실,0.0,1,23.0
굽은다리역,기타,196467.0,1,14.5
굽은다리역,식음료,2123668.0,2,34.43
굽은다리역,편의점,3607500.0,1,30.0
금호역,기타,750000.0,1,28.0
금호역,식음료,808000.0,1,18.61
금호역,편의점,1675000.0,1,25.3
금호역,플라워,1082300.0,1,21.0
금호역,화장품,2285262.0,1,50.3
길동역,편의점,2281500.0,1,31.82
길음역,밀키트,5500000.0,1,100.0
길음역,화장품,1948081.0,1,20.04
김포공항역,사무실,845200.0,2,64.355
김포공항역,식음료,5433888.0,2,49.18
김포공항역,패션잡화,4265945.333333333,6,39.58833333333333
김포공항역,편의점,3256500.0,1,32.34
김포공항역,플라워,4310000.0,1,21.53
김포공항역,화상면접,613792.0,1,53.15
까치산역,기타,9300000.0,1,24.15
까치산역,식음료,8195000.0,2,29.05
까치산역,패션잡화,7807125.0,4,26.3875
까치산역,편의점,8970000.0,1,37.82
까치산역,플라워,6383300.0,1,19.28
낙성대역,공실,0.0,2,18.990000000000002
낙성대역,기타,1010000.0,1,112.42
낙성대역,패션잡화,3210000.0,1,20.94
남구로역,공실,0.0,1,22.0
남구로역,패션잡화,1850000.0,2,36.0
남구로역,편의점,8428420.0,1,33.67
남성역,식음료,7166003.0,1,65.0
남성역,편의점,9788350.0,1,45.25
남위례역,공실,0.0,2,30.05
남한산성입구역,공실,0.0,1,34.18
남한산성입구역,기타,2300000.0,1,34.32
남한산성입구역,식음료,1616800.0,3,31.28333333333333
남한산성입구역,편의점,8863280.0,1,36.0
내방역,밀키트,1259909.0,1,34.0
내방역,식음료,3967708.0,1,28.0
내방역,패션잡화,3014500.0,2,37.89
내방역,편의점,15240940.0,1,62.21
내방역,화장품,1619492.0,1,28.0
노원역,기타,1491592.6666666667,3,26.0
노원역,사무실,649700.0,2,40.95
노원역,식음료,1656685.6666666667,3,27.936666666666667
노원역,패션잡화,1666115.2,15,31.02
노원역,편의점,19781190.0,1,55.15
노원역,플라워,1975651.0,1,41.0
녹번역,무인프린트,531600.0,1,12.65
녹번역,식음료,713000.0,1,13.47
녹번역,패션잡화,1020700.0,3,50.81666666666666
녹사평역,편의점,6254867.0,1,40.0
논현역,공실,0.0,3,39.333333333333336
논현역,기타,2100000.0,1,25.0
논현역,식음료,4756456.5,2,46.68
논현역,의약업,5101950.0,2,80.0
논현역,패션잡화,6035000.0,2,43.85
논현역,편의점,13317590.0,1,44.65
논현역,화장품,2077017.0,1,23.0
단대오거리역,기타,2171795.0,2,45.405
단대오거리역,패션잡화,3780000.0,1,75.09
단대오거리역,편의점,6235459.0,1,32.5
답십리역,기타,421600.0,1,61.97
답십리역,식음료,3218700.0,2,41.695
답십리역,패션잡화,1768333.3333333333,3,38.22
답십리역,편의점,2476500.0,1,40.0
당고개역,기타,2307000.0,1,27.84
당고개역,밀키트,1732250.0,1,28.01
당고개역,식음료,5753500.0,2,183.65
당산역,식음료,7032800.0,2,43.09
당산역,패션잡화,4618300.0,2,29.5
당산역,편의점,3641600.0,1,35.64
대림역,공실,0.0,2,18.75
대림역,기타,5550000.0,2,15.344999999999999
대림역,식음료,8414000.0,3,16.133333333333333
대림역,패션잡화,8532738.875,8,36.59625
대림역,편의점,9762109.0,2,24.755000000000003
대림역,플라워,4920117.0,2,44.29
대림역,화장품,3920862.0,1,21.05
대청역,공실,0.0,1,23.0
대청역,식음료,2516600.0,1,26.61
대흥역,패션잡화,2870000.0,1,43.67
대흥역,편의점,7186443.0,1,45.0
도곡역,기타,991800.0,1,25.04
도곡역,패션잡화,1488166.6666666667,3,24.426666666666666
도봉산역,식음료,1096650.0,2,41.0
도봉산역,패션잡화,1310000.0,1,36.0
독바위역,편의점,1839752.0,1,31.3
돌곶이역,기타,982333.0,1,22.0
돌곶이역,식음료,991650.0,2,22.5
돌곶이역,패션잡화,1890280.3333333333,3,43.666666666666664
돌곶이역,편의점,6371979.0,1,37.8
동대문역,공실,0.0,2,32.68
동대문역,식음료,2976123.3333333335,3,19.266666666666666
동대문역,패션잡화,4327726.428571428,7,27.087142857142858
동대문역사문화공원역,사무실,1562000.0,2,46.1
동대문역사문화공원역,식음료,6823334.333333333,3,21.333333333333332
동대문역사문화공원역,패션잡화,5059796.0,6,44.68333333333334
동대문역사문화공원역,편의점,7122000.0,1,25.7
동대입구역,기타,518200.0,3,27.933333333333334
동대입구역,무인프린트,366600.0,1,17.14
동대입구역,사무실,387283.5,2,35.49
동대입구역,식음료,932600.0,2,25.025
동대입구역,편의점,1201000.0,1,17.04
동묘앞역,공실,0.0,2,61.0
동묘앞역,식음료,3550000.0,1,17.7
동묘앞역,편의점,5163592.0,1,48.0
동묘앞역,화장품,1267922.0,1,43.0
동작역,식음료,2540000.0,2,13.375
동작역,편의점,4730000.0,1,20.0
둔촌동역,식음료,2455156.0,2,29.94
둔촌동역,패션잡화,3900000.0,1,49.53
둔촌동역,편의점,3295500.0,1,29.0
디지털미디어시티역,공실,0.0,2,56.32
디지털미디어시티역,기타,3000000.0,1,110.0
디지털미디어시티역,의약업,4426000.0,2,154.125
디지털미디어시티역,패션잡화,1706000.0,2,50.0
디지털미디어시티역,편의점,4574703.0,1,33.0
디지털미디어시티역,화장품,1684136.0,1,33.0
뚝섬역,식음료,955000.0,2,19.085
뚝섬역,패션잡화,2620000.0,2,22.715
뚝섬역,플라워,2259300.0,1,21.99
뚝섬유원지역,편의점,5262400.0,1,29.89
마들역,공유오피스,2120183.0,1,230.7
마들역,기타,270911.8181818182,11,34.54545454545455
마들역,무인프린트,505000.0,1,33.0
마들역,식음료,1700000.0,1,45.0
마들역,패션잡화,1126666.6666666667,3,32.666666666666664
마들역,편의점,6137560.0,1,33.11
마들역,플라워,466600.0,1,33.0
마장역,편의점,2964000.0,1,30.0
마천역,편의점,2944500.0,1,30.0
마포구청역,공실,0.0,1,32.58
마포구청역,기타,757200.0,1,44.0
마포구청역,사무실,508200.0,1,73.0
마포구청역,패션잡화,1383300.0,1,40.0
마포구청역,편의점,6487761.0,1,39.0
마포구청역,화장품,1793009.0,1,51.0
마포역,공실,0.0,1,32.9
마포역,기타,2960000.0,1,41.13
마포역,식음료,3861593.0,1,46.6
마포역,편의점,3549000.0,1,29.0
마포역,플라워,2350000.0,1,17.43
망원역,무인프린트,1333300.0,1,50.0
망원역,식음료,3545670.0,1,39.0
망원역,패션잡화,2120000.0,1,45.17
망원역,편의점,5682613.0,1,28.0
망원역,화장품,1052443.0,1,29.0
매봉역,식음료,1543300.0,2,17.705
매봉역,패션잡화,2016600.0,1,15.77
매봉역,플라워,3010000.0,1,16.0
먹골역,기타,1200000.0,1,35.0
먹골역,무인프린트,814212.0,1,34.0
먹골역,패션잡화,1282425.0,4,49.5
먹골역,편의점,6181890.0,1,24.38
면목역,공실,0.0,1,64.0
면목역,무인프린트,1093300.0,1,24.0
면목역,식음료,4500000.0,1,32.0
면목역,의약업,4651600.0,2,106.0
면목역,패션잡화,1742921.8333333333,6,30.00333333333333
면목역,편의점,10569130.0,1,36.08
명동역,식음료,9605672.0,1,26.0
명일역,기타,1067719.0,1,29.77
명일역,무인프린트,894900.0,1,25.05
명일역,패션잡화,2373300.0,1,44.27
명일역,편의점,3412500.0,1,30.0
모란역,편의점,3770665.0,1,50.0
목동역,식음료,4265000.0,2,24.700000000000003
목동역,패션잡화,3461505.5,2,26.9
목동역,편의점,5109000.0,1,30.0
목동역,화장품,2500000.0,1,23.69
몽촌토성역,편의점,5389832.0,1,36.0
문래역,식음료,2935933.3333333335,3,25.61
문래역,화장품,2660399.0,1,28.29
문정역,편의점,3992468.0,1,30.0
미아사거리역,공실,0.0,3,21.19666666666667
미아사거리역,기타,2105000.0,2,25.409999999999997
미아사거리역,식음료,6942287.0,3,22.953333333333333
미아사거리역,의약업,990000.0,1,18.66
미아사거리역,패션잡화,2772308.222222222,9,20.084444444444443
미아역,공실,0.0,1,50.24
미아역,패션잡화,3750000.0,1,50.24
미아역,편의점,2480675.0,1,31.6
반포역,기타,2291087.5,8,212.27499999999998
반포역,식음료,0.0,1,0.0
반포역,패션잡화,2120800.0,2,35.0
반포역,편의점,7854990.0,1,40.36
발산역,식음료,6156100.0,1,27.14
발산역,의약업,11030000.0,1,39.44
발산역,편의점,4914000.0,1,33.0
발산역,플라워,1500000.0,1,15.7
방배역,기타,740000.0,1,18.0
방배역,무인프린트,1266600.0,1,19.43
방배역,식음료,2201500.0,2,19.875
방배역,플라워,1785000.0,1,17.85
방배역,화장품,2722601.0,1,27.0
방이역,패션잡화,1030000.0,1,19.3
방이역,편의점,3978000.0,1,36.48
방화역,패션잡화,975000.0,1,19.65
방화역,편의점,2262000.0,1,30.0
방화역,플라워,2261169.0,1,40.53
보라매역,식음료,3799002.0,1,38.0
보라매역,패션잡화,2750000.0,1,32.0
보라매역,편의점,6309160.0,1,27.58
보라매역,화장품,1857653.0,1,39.0
보문역,식음료,1700000.0,1,14.1
보문역,패션잡화,1500000.0,1,24.0
보문역,편의점,5162483.0,1,35.0
보문역,화장품,979861.0,1,36.0
복정역,편의점,6487761.0,1,50.0
봉천역,밀키트,3034000.0,1,27.81
봉천역,패션잡화,1877048.0,1,17.61
봉화산역,공실,0.0,2,60.0
봉화산역,기타,1130000.0,1,27.0
봉화산역,편의점,5003894.0,1,47.0
불광역,공실,0.0,2,30.015
불광역,기타,764600.0,3,31.69333333333333
불광역,무인프린트,500000.0,1,12.99
불광역,식음료,1471450.0,2,29.509999999999998
불광역,패션잡화,1410000.0,2,29.0
불광역,편의점,898305.0,1,30.0
불광역,화장품,1135946.0,1,18.81
사가정역,공실,0.0,3,72.0
사가정역,기타,1259500.0,1,26.03
사가정역,사무실,245100.0,1,21.9
사가정역,식음료,9090023.0,1,93.0
사가정역,패션잡화,2342725.0,4,52.2825
사가정역,편의점,11204050.0,1,32.21
사당역,공실,0.0,5,51.410000000000004
사당역,기타,18522225.0,4,258.4825
사당역,식음료,9853747.666666666,9,39.599999999999994
사당역,의약업,6630500.0,2,26.35
사당역,패션잡화,9230020.07142857,14,68.33928571428571
사당역,플라워,4060000.0,2,14.17
사당역,화장품,14913985.5,2,45.76
산성역,편의점,4358445.0,1,30.0
삼각지역,사무실,1882000.0,1,258.2
삼각지역,식음료,1600000.0,1,46.0
삼각지역,패션잡화,1700000.0,1,40.0
삼각지역,편의점,4937353.0,1,31.8
상계역,공실,0.0,2,38.555
상계역,기타,4491016.5,2,60.75
상계역,무인프린트,1274616.0,1,25.99
상계역,패션잡화,2297637.2,5,32.501999999999995
상도역,식음료,3015091.0,1,26.0
상도역,패션잡화,2266228.0,1,50.0
상도역,편의점,21907600.0,1,112.57
상도역,화장품,2814300.0,1,59.2
상봉역,공실,0.0,1,78.0
상봉역,패션잡화,2740316.75,4,52.0225
상봉역,편의점,13788060.0,1,45.48
상봉역,플라워,3055501.0,1,74.0
상수역,기타,2450000.0,1,38.0
상수역,무인프린트,2218776.0,1,33.0
상수역,밀키트,919947.0,1,29.0
상수역,편의점,7569055.0,1,35.0
상수역,플라워,2900000.0,1,41.0
상수역,화장품,2599000.0,1,33.0
상왕십리역,편의점,5610000.0,1,37.0
상왕십리역,플라워,2516600.0,1,30.0
상왕십리역,화장품,2666031.0,1,30.6
상월곡역,편의점,3108802.0,1,38.4
상일동역,공실,0.0,1,17.92
상일동역,편의점,3588000.0,1,31.46
새절역,공실,0.0,1,43.6
새절역,패션잡화,3692300.0,2,28.07
새절역,편의점,6460036.0,1,25.0
서대문역,공실,0.0,1,10.5
서대문역,기타,551000.0,1,9.05
서대문역,무인프린트,412500.0,2,9.375
서대문역,식음료,3011000.0,1,11.88
서대문역,패션잡화,2037500.0,2,34.370000000000005
서대문역,편의점,3826900.0,2,19.69
서대문역,플라워,874600.0,1,14.74
서울대입구역,식음료,6905270.5,2,21.630000000000003
서울대입구역,화장품,5906786.0,1,26.64
서울역,패션잡화,3225582.0,1,12.0
서초역,식음료,2540682.6666666665,3,18.133333333333336
서초역,의약업,3874200.0,1,28.7
서초역,패션잡화,2659726.0,2,24.01
서초역,편의점,9932040.0,1,32.02
서초역,플라워,2466600.0,1,21.82
석계역,공실,0.0,4,60.0
석계역,기타,2554067.0,1,33.0
석계역,식음료,6595610.0,1,25.7
석계역,패션잡화,1262750.0,2,42.25
석계역,편의점,11771128.0,1,58.0
석촌역,기타,2500000.0,1,30.0
석촌역,편의점,7290691.0,1,38.0
선릉역,식음료,5735082.0,7,16.955714285714286
선릉역,의약업,4166600.0,1,19.48
선릉역,패션잡화,6470749.8,5,23.78
선릉역,플라워,6424161.0,1,18.3
선릉역,화장품,11892315.0,1,38.03
성수역,공실,0.0,1,23.5
성수역,식음료,3067566.6666666665,3,25.62
성수역,패션잡화,2511000.0,1,27.0
성수역,플라워,3320000.0,1,16.28
성수역,화장품,4012522.0,1,28.4
성신여대입구역,식음료,3181500.0,1,16.0
성신여대입구역,패션잡화,2285350.0,4,22.44
성신여대입구역,플라워,4686896.0,1,30.8
송정역,공실,0.0,2,46.585
송정역,식음료,2414160.0,1,21.87
송정역,패션잡화,1536550.0,2,25.935000000000002
송정역,편의점,2340000.0,1,42.37
송파역,식음료,1510000.0,1,17.87
송파역,편의점,3999566.0,1,32.2
수락산역,공실,0.0,5,43.702
수락산역,기타,1767700.0,1,58.0
수락산역,패션잡화,1670000.0,1,56.48
수락산역,편의점,8858850.0,1,37.88
수서역,기타,3030800.0,1,28.28
수서역,식음료,6390663.5,2,33.22
수서역,의약업,2649500.0,1,21.0
수서역,패션잡화,5168156.75,4,21.3
수유역,식음료,9842289.5,2,17.21
수유역,패션잡화,3777883.3333333335,3,16.833333333333332
수유역,편의점,10844872.0,1,23.0
수유역,플라워,1658800.0,1,10.4
수진역,편의점,4036829.0,1,40.0
숙대입구역,공실,0.0,1,9.8
숙대입구역,식음료,2270000.0,1,24.7
숭실대입구역,공실,0.0,1,37.0
숭실대입구역,기타,1348377.0,2,35.0
숭실대입구역,식음료,3552070.0,1,22.02
숭실대입구역,편의점,9835540.0,1,39.29
숭실대입구역,화장품,1781442.0,1,35.7
시청역,기타,1858300.0,1,57.6
시청역,식음료,4145884.0,1,25.0
시청역,패션잡화,2528600.0,3,21.91
시청역,플라워,2470600.0,1,25.0
신금호역,공실,0.0,1,23.5
신금호역,편의점,3178500.0,1,39.14
신길역,식음료,7560000.0,1,20.0
신길역,패션잡화,7100000.0,1,10.0
신길역,플라워,3542000.0,1,40.0
신당역,공실,0.0,3,63.68666666666667
신당역,기타,880000.0,1,11.0
신당역,무인프린트,651324.0,1,26.0
신당역,패션잡화,3616600.0,1,73.0
신당역,편의점,5456374.0,1,40.0
신당역,플라워,1985000.0,1,30.0
신대방삼거리역,공실,0.0,4,42.265
신대방삼거리역,기타,1768200.0,1,42.0
신대방삼거리역,무인프린트,1139500.0,1,27.0
신대방삼거리역,밀키트,1771200.0,1,42.0
신대방삼거리역,패션잡화,2801000.0,1,55.0
신대방삼거리역,편의점,13025870.0,1,51.49
신대방삼거리역,화장품,1762389.0,1,42.0
신대방역,공실,0.0,1,240.3
신대방역,식음료,4046100.0,1,24.9
신대방역,편의점,4751700.0,1,27.8
신도림역,식음료,10587365.4,5,39.818
신도림역,의약업,3310000.0,1,22.5
신도림역,패션잡화,4988166.0,1,27.4
신도림역,편의점,8613177.0,2,23.03
신도림역,플라워,5636112.0,2,42.7
신도림역,화장품,6022805.0,1,24.13
신림역,식음료,7759161.5,2,14.0
신림역,의약업,12100000.0,1,16.0
신림역,패션잡화,5115000.0,1,14.0
신림역,플라워,4550000.0,1,8.0
신사역,기타,5340000.0,2,35.55
신사역,식음료,4700165.25,4,20.3275
신사역,의약업,2533400.0,1,23.7
신사역,패션잡화,4335540.333333333,6,25.248333333333335
신사역,플라워,1520000.0,1,17.36
신용산역,기타,1186900.0,2,19.630000000000003
신용산역,무인프린트,1227408.0,1,11.4
신용산역,식음료,2525000.0,2,17.375
신용산역,패션잡화,1328643.5,2,23.05
신용산역,플라워,786350.0,2,16.5
신정네거리역,밀키트,1622575.0,1,42.45
신정역,공실,0.0,1,42.71
신정역,편의점,2457000.0,1,24.0
신촌역,공실,0.0,2,21.625
신촌역,식음료,7963584.5,2,15.6
신촌역,의약업,6783300.0,1,21.0
신촌역,패션잡화,4407400.0,1,9.8
신촌역,편의점,15722963.0,1,44.42
신촌역,화장품,17632662.0,1,33.0
신풍역,공실,0.0,5,41.4
신풍역,기타,807760.0,1,30.0
신풍역,패션잡화,2020000.0,1,30.0
신풍역,편의점,8322600.0,1,32.82
신흥역,편의점,4391715.0,1,40.0
쌍문역,편의점,2643669.0,1,20.2
아차산역,공실,0.0,1,44.22
아차산역,식음료,3182079.0,1,19.6
아차산역,패션잡화,3053705.0,3,33.06
아차산역,편의점,4660500.0,1,28.72
아현역,밀키트,1124425.0,1,25.0
아현역,식음료,460000.0,1,22.58
아현역,패션잡화,1951902.0,1,34.8
아현역,플라워,1028675.0,1,24.05
아현역,화장품,2353016.0,1,35.2
안국역,기타,528700.0,4,21.9725
안국역,무인프린트,668300.0,2,23.8
안국역,의약업,2066900.0,1,26.31
안국역,패션잡화,2516750.0,2,23.185000000000002
안국역,플라워,1037900.0,2,23.8
안암역,공실,0.0,1,62.0
안암역,기타,1296600.0,1,27.0
안암역,식음료,1850000.0,1,17.0
안암역,편의점,10717338.0,1,42.2
안암역,화장품,2417302.0,1,40.99
암사역,기타,1679611.3333333333,3,35.666666666666664
암사역,패션잡화,2150000.0,1,27.37
암사역,편의점,10014441.0,1,35.0
압구정역,기타,0.0,1,37.0
압구정역,식음료,2543548.0,2,19.15
압구정역,플라워,2611408.0,1,18.62
압구정역,화장품,7195687.0,1,23.76
애오개역,편의점,3159000.0,1,32.2
약수역,식음료,3260820.0,1,11.57
약수역,편의점,7685502.0,1,77.0
약수역,화장품,3780596.0,1,22.32
양재역,공실,0.0,1,51.92
양재역,기타,4110000.0,1,40.0
양재역,식음료,4866457.0,1,20.0
양재역,패션잡화,5668098.75,4,34.515
양재역,편의점,3173291.0,1,18.0
양천구청역,밀키트,965550.0,1,26.04
양천구청역,식음료,886500.0,1,18.84
어린이대공원역,공실,0.0,9,39.010000000000005
어린이대공원역,편의점,12632620.0,1,35.6
여의나루역,식음료,2021800.0,1,34.86
여의나루역,편의점,5869500.0,1,33.39
여의도역,공실,0.0,1,47.0
여의도역,기타,1070000.0,1,23.65
여의도역,식음료,2300000.0,1,22.04
여의도역,패션잡화,900000.0,1,19.93
여의도역,편의점,4582500.0,1,35.24
여의도역,플라워,2929289.0,1,23.65
역삼역,공실,0.0,1,22.5
역삼역,기타,12300000.0,1,52.32
역삼역,식음료,7952969.25,4,41.825
역삼역,의약업,7385207.333333333,3,139.4
역삼역,편의점,4879147.0,1,26.4
역촌역,공실,0.0,3,48.666666666666664
역촌역,편의점,2585123.0,1,31.5
연신내역,공실,0.0,2,23.28
연신내역,기타,1013200.0,1,19.96
연신내역,식음료,1386900.0,1,12.0
연신내역,의약업,1875800.0,1,22.0
연신내역,패션잡화,3874772.5,2,34.099999999999994
연신내역,편의점,8734634.0,1,44.0
영등포구청역,공실,0.0,1,22.32
영등포구청역,공유오피스,5779441.0,1,313.4
영등포구청역,식음료,4181435.0,6,24.491666666666664
영등포구청역,패션잡화,6875960.0,1,23.01
영등포구청역,편의점,2496000.0,1,34.33
영등포시장역,편의점,3100500.0,1,37.3
오금역,편의점,2691000.0,1,27.38
오목교역,공실,0.0,1,118.84
오목교역,기타,0.0,18,59.46111111111111
오목교역,무인프린트,0.0,1,14.07
오목교역,식음료,0.0,14,30.382857142857144
오목교역,패션잡화,0.0,9,42.64
오목교역,편의점,5577000.0,1,43.51
오목교역,플라워,43055000.0,2,36.37
옥수역,기타,13500000.0,1,555.0
옥수역,패션잡화,3640000.0,1,11.6
옥수역,편의점,2095000.0,1,18.9
옥수역,화장품,4736736.0,1,41.64
온수역,공실,0.0,1,41.0
온수역,사무실,795000.0,1,35.0
온수역,식음료,2040000.0,1,13.5
온수역,패션잡화,3312900.0,1,23.1
온수역,편의점,6966960.0,1,29.81
올림픽공원역,편의점,2437500.0,1,37.2
왕십리역,공실,0.0,1,84.48
왕십리역,공유오피스,2556015.0,1,204.0
왕십리역,기타,4179793.6666666665,3,34.04666666666667
왕십리역,사무실,567800.0,1,50.0
왕십리역,식음료,2237054.75,4,23.7575
왕십리역,패션잡화,2602814.285714286,7,46.17142857142857
왕십리역,편의점,2808000.0,1,40.0
왕십리역,플라워,566257.0,1,10.3
왕십리역,화장품,3968788.0,1,50.84
용마산역,공실,0.0,5,50.0
용마산역,편의점,5070780.0,1,28.8
용마산역,화장품,1309883.0,1,55.0
우장산역,공실,0.0,1,23.76
우장산역,무인프린트,850000.0,1,14.8
우장산역,사무실,1685600.0,1,44.8
우장산역,패션잡화,1798993.5,2,19.86
우장산역,편의점,4777500.0,1,33.0
월곡역,공실,0.0,2,28.5
월곡역,식음료,718500.0,2,23.915
월곡역,편의점,8190105.0,1,35.0
월곡역,화장품,1315554.0,1,58.0
월드컵경기장역,편의점,2765893.0,1,43.0
을지로3가역,공실,0.0,1,13.5
을지로3가역,기타,754300.0,2,14.6
을지로3가역,식음료,1855000.0,5,19.657999999999998
을지로3가역,패션잡화,1935275.0,4,20.39
을지로3가역,플라워,1081700.0,2,25.8
을지로4가역,기타,852500.0,2,18.87
을지로4가역,사무실,427750.0,2,35.635000000000005
을지로4가역,식음료,1443536.0,3,28.566666666666663
을지로4가역,패션잡화,849460.0,5,23.19
을지로4가역,편의점,7488000.0,1,34.98
을지로입구역,공실,0.0,1,17.2
을지로입구역,기타,14910683.333333334,6,43.800000000000004
을지로입구역,식음료,9773014.75,4,37.82
을지로입구역,패션잡화,6217450.0,2,26.685
을지로입구역,편의점,8100000.0,1,17.6
을지로입구역,플라워,2269740.0,1,19.0
응암역,기타,2032373.0,1,30.0
응암역,식음료,5950405.0,2,42.32
응암역,패션잡화,1562000.0,1,15.0
응암역,편의점,12005352.0,1,38.8
응암역,화장품,2214894.0,1,31.0
이대역,공실,0.0,1,20.0
이대역,기타,2400000.0,1,33.0
이대역,패션잡화,2550000.0,3,18.55666666666667
이대역,플라워,3020000.0,1,21.13
이수역,공실,0.0,2,62.5
이수역,기타,6422715.0,2,321.5
이수역,사무실,650000.0,1,48.0
이수역,식음료,4532176.0,1,27.22
이수역,패션잡화,4306489.25,4,49.11
이수역,편의점,14677520.0,1,54.05
이수역,플라워,2039400.0,1,22.5
이촌역,식음료,1386563.0,1,19.3
이촌역,플라워,1319000.0,1,22.0
이태원역,편의점,8483995.0,1,25.0
이태원역,화장품,3123307.0,1,34.0
일원역,기타,9016600.0,1,898.0
일원역,사무실,467500.0,1,51.7
일원역,의약업,3522150.0,2,56.239999999999995
일원역,편의점,8800000.0,1,46.0
잠실나루역,기타,4393050.0,2,68.55
잠실나루역,식음료,2810000.0,1,24.0
잠실나루역,의약업,9763550.0,2,65.02
잠실나루역,패션잡화,1230000.0,1,28.6
잠실나루역,편의점,6956940.0,1,48.1
잠실나루역,플라워,2100000.0,1,25.62
잠실새내역,의약업,2916600.0,1,19.44
잠실새내역,패션잡화,3410000.0,1,19.44
잠실새내역,편의점,4790715.0,1,24.65
잠실역,공실,0.0,3,36.96666666666667
잠실역,기타,17843234.53846154,13,101.07615384615384
잠실역,식음료,5211036.05882353,17,41.135882352941174
잠실역,의약업,3061847.0,1,40.0
잠실역,패션잡화,3016575.6,10,29.287
잠실역,편의점,9662133.333333334,3,34.833333333333336
잠실역,화장품,11022647.0,1,144.0
장승배기역,패션잡화,2710000.0,1,35.52
장승배기역,편의점,8185320.0,1,36.18
장지역,공실,0.0,1,251.23
장지역,식음료,4998300.0,1,38.82
장지역,편의점,8275943.0,1,35.2
장지역,플라워,2500000.0,1,12.85
장한평역,기타,2161133.0,1,31.98
장한평역,식음료,3054944.5,2,32.71
장한평역,패션잡화,2260000.0,1,31.9
장한평역,편의점,5206500.0,1,52.8
종각역,공실,0.0,5,25.701999999999998
종각역,기타,935400.0,2,33.775
종각역,식음료,5680000.0,1,12.0
종각역,의약업,7511100.0,1,29.62
종각역,패션잡화,2310000.0,1,23.14
종각역,편의점,6559320.0,1,29.3
종각역,플라워,2960800.0,2,14.82
종로3가역,공실,0.0,2,21.7
종로3가역,기타,4377766.666666667,3,22.3
종로3가역,식음료,4604172.666666667,3,16.2
종로3가역,의약업,9072439.0,2,134.95
종로3가역,패션잡화,10357833.333333334,3,34.13333333333333
종로3가역,편의점,6552000.0,1,29.48
종로3가역,플라워,2261006.0,1,18.05
종로5가역,기타,5310000.0,1,25.13
종로5가역,패션잡화,4110000.0,1,16.16
종합운동장역,기타,4851600.0,1,65.37
종합운동장역,식음료,4040806.6666666665,3,34.4
종합운동장역,편의점,4982350.0,2,51.45
중계역,공실,0.0,1,50.0
중계역,기타,1222400.0,1,47.6
중계역,식음료,3248000.0,2,69.8
중계역,편의점,8936070.0,1,32.91
중계역,화장품,929961.0,1,41.0
중곡역,밀키트,1467835.0,1,46.0
중곡역,패션잡화,2500300.0,1,46.99
중곡역,편의점,5995990.0,1,35.16
중화역,공실,0.0,2,47.0
중화역,기타,1188000.0,1,28.43
중화역,무인프린트,855144.0,1,18.0
중화역,식음료,1770650.0,2,38.2
중화역,패션잡화,2043400.0,6,54.96666666666667
중화역,편의점,7671950.0,1,29.7
증산역,공실,0.0,1,31.0
증산역,기타,1768200.0,1,37.0
증산역,패션잡화,2650000.0,1,48.0
증산역,편의점,5775771.0,1,28.0
증산역,화장품,1414221.0,1,29.0
창동역,패션잡화,5568000.0,2,34.75
창신역,편의점,1956310.0,1,28.0
천왕역,기타,1313400.0,1,900.39
천왕역,편의점,6160440.0,1,36.93
천호역,기타,3185944.0,1,23.92
천호역,사무실,1309027.0,1,38.7
천호역,식음료,8059910.8,5,77.3
천호역,의약업,7893765.0,1,66.6
천호역,패션잡화,9774528.857142856,14,75.80285714285715
천호역,편의점,2775855.0,1,23.42
천호역,화장품,9617631.25,4,71.32249999999999
철산역,기타,3398000.0,1,15.5
철산역,식음료,2824011.6666666665,3,38.166666666666664
철산역,패션잡화,2789572.5,2,29.5
철산역,편의점,12851410.0,1,36.61
철산역,플라워,3214320.0,1,35.0
청구역,식음료,3141348.0,2,24.0
청구역,패션잡화,2357147.0,1,47.89
청구역,편의점,4368000.0,1,46.33
청담역,공실,0.0,6,66.31833333333333
청담역,기타,1357600.0,1,35.2
청담역,식음료,3417040.0,1,65.36
청담역,패션잡화,3190100.0,2,107.555
청담역,편의점,16639480.0,1,52.34
청담역,플라워,1775339.0,1,35.0
청담역,화장품,2652655.5,2,49.0
총신대입구역,공실,0.0,1,16.3
총신대입구역,기타,1288833.3333333333,3,16.3
총신대입구역,무인프린트,916600.0,1,16.3
총신대입구역,사무실,186000.0,1,16.3
총신대입구역,식음료,3536749.25,4,19.4375
총신대입구역,패션잡화,2256500.0,6,22.39
총신대입구역,플라워,1325000.0,1,21.0
총신대입구역,화장품,5451432.0,1,25.06
충무로역,사무실,1900000.0,1,147.5
충무로역,식음료,3576383.0,1,21.0
충무로역,패션잡화,4770000.0,1,17.57
충무로역,편의점,3562850.0,2,19.064999999999998
충무로역,플라워,2018500.0,1,18.86
충무로역,화장품,6921841.0,1,31.54
충정로역,공실,0.0,2,28.425
충정로역,무인프린트,450000.0,1,29.01
충정로역,사무실,550000.0,1,42.0
충정로역,식음료,3512000.0,1,15.0
충정로역,패션잡화,427250.0,2,24.505000000000003
충정로역,편의점,3861000.0,1,45.0
충정로역,화장품,5693895.0,1,26.12
태릉입구역,공실,0.0,3,50.99
태릉입구역,기타,1191650.0,2,33.0
태릉입구역,무인프린트,718035.0,1,31.0
태릉입구역,식음료,1680000.0,1,40.0
태릉입구역,패션잡화,3816447.625,8,51.72125
태릉입구역,편의점,9603880.0,1,37.14
태릉입구역,플라워,906588.0,1,39.0
태릉입구역,화장품,1020689.0,1,50.0
하계역,기타,2761000.0,2,34.285
하계역,무인프린트,906839.0,1,32.0
하계역,식음료,7260000.0,1,55.01
하계역,패션잡화,2835166.6666666665,3,53.666666666666664
하계역,편의점,14478750.0,1,40.8
하계역,화장품,898206.0,1,33.0
학동역,공실,0.0,3,33.0
학동역,기타,1982690.0,1,29.44
학동역,식음료,5366476.0,3,43.36333333333332
학동역,의약업,5567600.0,2,98.0
학동역,패션잡화,2683000.0,1,31.39
학동역,편의점,15504060.0,1,55.45
학동역,플라워,3000000.0,1,16.4
한강진역,공실,0.0,1,64.0
한강진역,식음료,2133300.0,1,62.0
한강진역,편의점,6033063.0,1,40.0
한강진역,화장품,1524228.0,1,64.0
한양대역,기타,4912200.0,1,90.1
한양대역,사무실,435600.0,1,46.8
한양대역,식음료,3370000.0,2,16.97
한양대역,편의점,3400000.0,1,18.0
합정역,공실,0.0,1,42.41
합정역,기타,2687407.5,2,39.84
합정역,무인프린트,1750000.0,1,13.16
합정역,식음료,7219720.666666667,6,20.66
합정역,의약업,4769300.0,4,49.6625
합정역,패션잡화,7269455.333333333,9,39.864444444444445
합정역,편의점,12316207.5,2,41.525
합정역,플라워,5441083.333333333,3,37.093333333333334
합정역,화장품,4383868.0,2,19.595
행당역,기타,1258300.0,1,30.84
행당역,식음료,2128800.0,2,42.89
행당역,편의점,4095000.0,1,41.46
혜화역,식음료,6410000.0,2,18.73
홍대입구역,식음료,7403194.0,2,25.055
홍대입구역,패션잡화,17603743.5,2,59.30499999999999
홍대입구역,편의점,9031258.0,1,31.0
홍대입구역,화장품,7428858.0,1,12.0
홍제역,공실,0.0,14,15.222857142857142
홍제역,기타,46465000.0,1,1351.0
홍제역,식음료,2420400.0,1,15.52
화곡역,식음료,8296201.0,1,67.04
화곡역,패션잡화,6984550.0,4,43.525
화곡역,편의점,9321000.0,1,30.0
화곡역,화장품,7500000.0,1,27.0
화랑대역,기타,785867.0,1,35.0
화랑대역,밀키트,1003697.0,1,34.6
화랑대역,식음료,4014800.0,1,28.0
화랑대역,패션잡화,1178500.0,1,32.0
화랑대역,편의점,5423103.0,1,30.0
화랑대역,화장품,3740000.0,1,80.0
회현역,패션잡화,7507633.333333333,3,44.0
효창공원앞역,공실,0.0,3,42.333333333333336
효창공원앞역,패션잡화,1600000.0,1,33.0
효창공원앞역,편의점,6485543.0,1,43.0
효창공원앞역,화장품,984397.0,1,31.0
